"BPMSW.1R1.A.B2",21.33,0,0.0315,0.0315,0.0315,0.0315,"RECTELLIPSE"
"BPMSW.1R1.B.B2",21.3415,0,0.03,0.03,0.03,0.03,"RECTELLIPSE"
"BPMSW.1R1.B2",21.475,0,0.03,0.03,0.03,0.03,"RECTELLIPSE"
"BPMSW.1R1.C.B2",21.6085,0,0.03,0.03,0.03,0.03,"RECTELLIPSE"
"BPMSW.1R1.D.B2",21.615,0,0.0315,0.0315,0.0315,0.0315,"RECTELLIPSE"
"BPMS.2R1.A.B2",31.3959,0,0.0301,0.0301,0.0301,0.0301,"RECTELLIPSE"
"BPMS.2R1.B2",31.529,0,0.0301,0.0301,0.0301,0.0301,"RECTELLIPSE"
"BPMS.2R1.B.B2",31.6189,0,0.0301,0.0301,0.0301,0.0301,"RECTELLIPSE"
"BPMSY.4R1.A.B2",58.172,0,0.04,0.04,0.04,0.04,"RECTELLIPSE"
"BPMSY.4R1.B2",58.3145,0,0.04,0.04,0.04,0.04,"RECTELLIPSE"
"BPMSY.4R1.B.B2",58.457,0,0.04,0.04,0.04,0.04,"RECTELLIPSE"
"BRANA.4R1",141.35,0,9.999999,9.999999,9.999999,9.999999,"RECTELLIPSE"
"BPMWB.4R1.A.B2",150.99,0,0.0315,0.0315,0.0315,0.0315,"RECTELLIPSE"
"BPMWB.4R1.B.B2",151.048,0,0.03,0.03,0.03,0.03,"RECTELLIPSE"
"BPMWB.4R1.B2",151.1705,0,0.03,0.03,0.03,0.03,"RECTELLIPSE"
"BPMWB.4R1.C.B2",151.217,0,0.03,0.03,0.03,0.03,"RECTELLIPSE"
"BPMWB.4R1.D.B2",151.275,0,0.0315,0.0315,0.0315,0.0315,"RECTELLIPSE"
"BPMYA.4R1.A.B2",172.182,0,0.03,0.03,0.03,0.03,"RECTELLIPSE"
"BPMYA.4R1.B2",172.227,0,0.03,0.03,0.03,0.03,"RECTELLIPSE"
"BPMYA.4R1.B.B2",172.35,0,0.03,0.03,0.03,0.03,"RECTELLIPSE"
"BPTX.5R1.A.B2",174.538,0,0.0315,0.0315,0.0315,0.0315,"RECTELLIPSE"
"BPTX.5R1.B2",174.7185,0,0.0315,0.0315,0.0315,0.0315,"RECTELLIPSE"
"BPTX.5R1.B.B2",174.823,0,0.0315,0.0315,0.0315,0.0315,"RECTELLIPSE"
"BPMR.5R1.A.B2",199.5106,0,0.024,0.024,0.024,0.024,"RECTELLIPSE"
"BPMR.5R1.B2",199.635,0,0.024,0.024,0.024,0.024,"RECTELLIPSE"
"BPMR.5R1.B.B2",199.97,0,0.024,0.024,0.024,0.024,"RECTELLIPSE"
"BPM.6R1.A.B2",231.4106,0,0.024,0.024,0.024,0.024,"RECTELLIPSE"
"BPM.6R1.B2",231.535,0,0.024,0.024,0.024,0.024,"RECTELLIPSE"
"BPM.6R1.B.B2",231.87,0,0.024,0.024,0.024,0.024,"RECTELLIPSE"
"BPMRA.7R1.A.B2",258.924,0,0.024,0.024,0.024,0.024,"RECTELLIPSE"
"BPMRA.7R1.B2",259.259,0,0.024,0.024,0.024,0.024,"RECTELLIPSE"
"BPMRA.7R1.B.B2",259.3834,0,0.024,0.024,0.024,0.024,"RECTELLIPSE"
"BPM.8R1.B2",300.6960106,0,0.024,0.024,0.024,0.024,"RECTELLIPSE"
"BPM.9R1.B2",339.7610212,0,0.024,0.024,0.024,0.024,"RECTELLIPSE"
"BPM.10R1.B2",380.2240318,0,0.024,0.024,0.024,0.024,"RECTELLIPSE"
"BPM.11R1.B2",433.0047424,0,0.024,0.024,0.024,0.024,"RECTELLIPSE"
"BPM.12R1.B2",487.7282583,0,0.024,0.024,0.024,0.024,"RECTELLIPSE"
"BPM.13R1.B2",541.1767742,0,0.024,0.024,0.024,0.024,"RECTELLIPSE"
"BPM.14R1.B2",594.6252901,0,0.024,0.024,0.024,0.024,"RECTELLIPSE"
"BPM.15R1.B2",648.073806,0,0.024,0.024,0.024,0.024,"RECTELLIPSE"
"BPM.16R1.B2",701.5223219,0,0.024,0.024,0.024,0.024,"RECTELLIPSE"
"BPM.17R1.B2",754.9708378,0,0.024,0.024,0.024,0.024,"RECTELLIPSE"
"BPM.18R1.B2",808.4193537,0,0.024,0.024,0.024,0.024,"RECTELLIPSE"
"BPM.19R1.B2",861.8678696,0,0.024,0.024,0.024,0.024,"RECTELLIPSE"
"BPM.20R1.B2",915.3163855,0,0.024,0.024,0.024,0.024,"RECTELLIPSE"
"BPM.21R1.B2",968.7649014,0,0.024,0.024,0.024,0.024,"RECTELLIPSE"
"BPM.22R1.B2",1022.213417,0,0.024,0.024,0.024,0.024,"RECTELLIPSE"
"BPM.23R1.B2",1075.661933,0,0.024,0.024,0.024,0.024,"RECTELLIPSE"
"BPM.24R1.B2",1129.110449,0,0.024,0.024,0.024,0.024,"RECTELLIPSE"
"BPM.25R1.B2",1182.558965,0,0.024,0.024,0.024,0.024,"RECTELLIPSE"
"BPM.26R1.B2",1236.007481,0,0.024,0.024,0.024,0.024,"RECTELLIPSE"
"BPM.27R1.B2",1289.455997,0,0.024,0.024,0.024,0.024,"RECTELLIPSE"
"BPM.28R1.B2",1342.904513,0,0.024,0.024,0.024,0.024,"RECTELLIPSE"
"BPM.29R1.B2",1396.353029,0,0.024,0.024,0.024,0.024,"RECTELLIPSE"
"BPM.30R1.B2",1449.801545,0,0.024,0.024,0.024,0.024,"RECTELLIPSE"
"BPM.31R1.B2",1503.25006,0,0.024,0.024,0.024,0.024,"RECTELLIPSE"
"BPM.32R1.B2",1556.698576,0,0.024,0.024,0.024,0.024,"RECTELLIPSE"
"BPM.33R1.B2",1610.147092,0,0.024,0.024,0.024,0.024,"RECTELLIPSE"
"BPM.34R1.B2",1663.595608,0,0.024,0.024,0.024,0.024,"RECTELLIPSE"
"BPM.33L2.B2",1717.044124,0,0.024,0.024,0.024,0.024,"RECTELLIPSE"
"BPM.32L2.B2",1770.49264,0,0.024,0.024,0.024,0.024,"RECTELLIPSE"
"BPM.31L2.B2",1823.941156,0,0.024,0.024,0.024,0.024,"RECTELLIPSE"
"BPM.30L2.B2",1877.389672,0,0.024,0.024,0.024,0.024,"RECTELLIPSE"
"BPM.29L2.B2",1930.838188,0,0.024,0.024,0.024,0.024,"RECTELLIPSE"
"BPM.28L2.B2",1984.286704,0,0.024,0.024,0.024,0.024,"RECTELLIPSE"
"BPM.27L2.B2",2037.73522,0,0.024,0.024,0.024,0.024,"RECTELLIPSE"
"BPM.26L2.B2",2091.183735,0,0.024,0.024,0.024,0.024,"RECTELLIPSE"
"BPM.25L2.B2",2144.632251,0,0.024,0.024,0.024,0.024,"RECTELLIPSE"
"BPM.24L2.B2",2198.080767,0,0.024,0.024,0.024,0.024,"RECTELLIPSE"
"BPM.23L2.B2",2251.529283,0,0.024,0.024,0.024,0.024,"RECTELLIPSE"
"BPM.22L2.B2",2304.977799,0,0.024,0.024,0.024,0.024,"RECTELLIPSE"
"BPM.21L2.B2",2358.426315,0,0.024,0.024,0.024,0.024,"RECTELLIPSE"
"BPM.20L2.B2",2411.874831,0,0.024,0.024,0.024,0.024,"RECTELLIPSE"
"BPM.19L2.B2",2465.323347,0,0.024,0.024,0.024,0.024,"RECTELLIPSE"
"BPM.18L2.B2",2518.771863,0,0.024,0.024,0.024,0.024,"RECTELLIPSE"
"BPM.17L2.B2",2572.220379,0,0.024,0.024,0.024,0.024,"RECTELLIPSE"
"BPM.16L2.B2",2625.668894,0,0.024,0.024,0.024,0.024,"RECTELLIPSE"
"BPM.15L2.B2",2679.11741,0,0.024,0.024,0.024,0.024,"RECTELLIPSE"
"BPM.14L2.B2",2732.565926,0,0.024,0.024,0.024,0.024,"RECTELLIPSE"
"BPM.13L2.B2",2786.014442,0,0.024,0.024,0.024,0.024,"RECTELLIPSE"
"BPM.12L2.B2",2839.462958,0,0.024,0.024,0.024,0.024,"RECTELLIPSE"
"BPM.11L2.B2",2892.911474,0,0.024,0.024,0.024,0.024,"RECTELLIPSE"
"BPM.10L2.B2",2944.750185,0,0.024,0.024,0.024,0.024,"RECTELLIPSE"
"BPM.9L2.B2",2983.815195,0,0.024,0.024,0.024,0.024,"RECTELLIPSE"
"BPM.8L2.B2",3024.278206,0,0.024,0.024,0.024,0.024,"RECTELLIPSE"
"BPM.7L2.A.B2",3063.009216,0,0.024,0.024,0.024,0.024,"RECTELLIPSE"
"BPM.7L2.B2",3063.344216,0,0.024,0.024,0.024,0.024,"RECTELLIPSE"
"BPM.7L2.B.B2",3063.468616,0,0.024,0.024,0.024,0.024,"RECTELLIPSE"
"BPM.6L2.A.B2",3095.325816,0,0.024,0.024,0.024,0.024,"RECTELLIPSE"
"BPM.6L2.B2",3095.450216,0,0.024,0.024,0.024,0.024,"RECTELLIPSE"
"BPM.6L2.B.B2",3095.785216,0,0.024,0.024,0.024,0.024,"RECTELLIPSE"
"BPMYB.5L2.A.B2",3167.604216,0,0.03,0.03,0.03,0.03,"RECTELLIPSE"
"BPMYB.5L2.B2",3167.649216,0,0.03,0.03,0.03,0.03,"RECTELLIPSE"
"BPMYB.5L2.B.B2",3167.772216,0,0.03,0.03,0.03,0.03,"RECTELLIPSE"
"BPMYB.4L2.A.B2",3188.096216,0,0.03,0.03,0.03,0.03,"RECTELLIPSE"
"BPMYB.4L2.B2",3188.219216,0,0.03,0.03,0.03,0.03,"RECTELLIPSE"
"BPMYB.4L2.B.B2",3188.264216,0,0.03,0.03,0.03,0.03,"RECTELLIPSE"
"BPMWB.4L2.A.B2",3212.506216,0,0.0315,0.0315,0.0315,0.0315,"RECTELLIPSE"
"BPMWB.4L2.B.B2",3212.564216,0,0.03,0.03,0.03,0.03,"RECTELLIPSE"
"BPMWB.4L2.B2",3212.610716,0,0.03,0.03,0.03,0.03,"RECTELLIPSE"
"BPMWB.4L2.C.B2",3212.733216,0,0.03,0.03,0.03,0.03,"RECTELLIPSE"
"BPMWB.4L2.D.B2",3212.791216,0,0.0315,0.0315,0.0315,0.0315,"RECTELLIPSE"
"BRANB.4L2",3219.315216,0,9.999999,9.999999,9.999999,9.999999,"RECTELLIPSE"
"BTVST.4L2.A.B2",3246.551216,0,0.106,0.106,0.106,0.106,"RECTELLIPSE"
"BTVST.A4L2",3246.851216,0,0.106,0.106,0.106,0.106,"RECTELLIPSE"
"BTVST.4L2.B.B2",3247.151216,0,0.106,0.106,0.106,0.106,"RECTELLIPSE"
"BPMSX.4L2.A.B2",3262.701216,0,0.04,0.04,0.04,0.04,"RECTELLIPSE"
"BPMSX.4L2.B2",3262.843716,0,0.04,0.04,0.04,0.04,"RECTELLIPSE"
"BPMSX.4L2.B.B2",3262.986216,0,0.04,0.04,0.04,0.04,"RECTELLIPSE"
"BPMS.2L2.A.B2",3300.665316,0,0.0301,0.0301,0.0301,0.0301,"RECTELLIPSE"
"BPMS.2L2.B2",3300.755216,0,0.0301,0.0301,0.0301,0.0301,"RECTELLIPSE"
"BPMS.2L2.B.B2",3300.888316,0,0.0301,0.0301,0.0301,0.0301,"RECTELLIPSE"
"BPMSW.1L2.A.B2",3310.544216,0,0.0315,0.0315,0.0315,0.0315,"RECTELLIPSE"
"BPMSW.1L2.B.B2",3310.555716,0,0.03,0.03,0.03,0.03,"RECTELLIPSE"
"BPMSW.1L2.B2",3310.689216,0,0.03,0.03,0.03,0.03,"RECTELLIPSE"
"BPMSW.1L2.C.B2",3310.822716,0,0.03,0.03,0.03,0.03,"RECTELLIPSE"
"BPMSW.1L2.D.B2",3310.829216,0,0.0315,0.0315,0.0315,0.0315,"RECTELLIPSE"
"BPMSW.1R2.A.B2",3353.739216,0,0.0315,0.0315,0.0315,0.0315,"RECTELLIPSE"
"BPMSW.1R2.B.B2",3353.745716,0,0.03,0.03,0.03,0.03,"RECTELLIPSE"
"BPMSW.1R2.B2",3353.879216,0,0.03,0.03,0.03,0.03,"RECTELLIPSE"
"BPMSW.1R2.C.B2",3354.012716,0,0.03,0.03,0.03,0.03,"RECTELLIPSE"
"BPMSW.1R2.D.B2",3354.024216,0,0.0315,0.0315,0.0315,0.0315,"RECTELLIPSE"
"BPMS.2R2.A.B2",3363.680116,0,0.0301,0.0301,0.0301,0.0301,"RECTELLIPSE"
"BPMS.2R2.B2",3363.813216,0,0.0301,0.0301,0.0301,0.0301,"RECTELLIPSE"
"BPMS.2R2.B.B2",3363.903116,0,0.0301,0.0301,0.0301,0.0301,"RECTELLIPSE"
"BPMSX.4R2.A.B2",3401.582216,0,0.04,0.04,0.04,0.04,"RECTELLIPSE"
"BPMSX.4R2.B2",3401.724716,0,0.04,0.04,0.04,0.04,"RECTELLIPSE"
"BPMSX.4R2.B.B2",3401.867216,0,0.04,0.04,0.04,0.04,"RECTELLIPSE"
"BRANB.4R2",3445.253216,0,9.999999,9.999999,9.999999,9.999999,"RECTELLIPSE"
"BPMWB.4R2.A.B2",3451.777216,0,0.0315,0.0315,0.0315,0.0315,"RECTELLIPSE"
"BPMWB.4R2.B.B2",3451.835216,0,0.03,0.03,0.03,0.03,"RECTELLIPSE"
"BPMWB.4R2.B2",3451.881716,0,0.03,0.03,0.03,0.03,"RECTELLIPSE"
"BPMWB.4R2.C.B2",3452.004216,0,0.03,0.03,0.03,0.03,"RECTELLIPSE"
"BPMWB.4R2.D.B2",3452.062216,0,0.0315,0.0315,0.0315,0.0315,"RECTELLIPSE"
"BPMYB.4R2.A.B2",3476.304216,0,0.03,0.03,0.03,0.03,"RECTELLIPSE"
"BPMYB.4R2.B2",3476.349216,0,0.03,0.03,0.03,0.03,"RECTELLIPSE"
"BPMYB.4R2.B.B2",3476.472216,0,0.03,0.03,0.03,0.03,"RECTELLIPSE"
"BPTX.5R2.A.B2",3477.465216,0,0.0315,0.0315,0.0315,0.0315,"RECTELLIPSE"
"BPTX.5R2.B2",3477.645716,0,0.0315,0.0315,0.0315,0.0315,"RECTELLIPSE"
"BPTX.5R2.B.B2",3477.750216,0,0.0315,0.0315,0.0315,0.0315,"RECTELLIPSE"
"BPM.5R2.A.B2",3505.758816,0,0.024,0.024,0.024,0.024,"RECTELLIPSE"
"BPM.5R2.B2",3505.883216,0,0.024,0.024,0.024,0.024,"RECTELLIPSE"
"BPM.5R2.B.B2",3506.218216,0,0.024,0.024,0.024,0.024,"RECTELLIPSE"
"BPMR.6R2.A.B2",3579.054816,0,0.024,0.024,0.024,0.024,"RECTELLIPSE"
"BPMR.6R2.B2",3579.179216,0,0.024,0.024,0.024,0.024,"RECTELLIPSE"
"BPMR.6R2.B.B2",3579.514216,0,0.024,0.024,0.024,0.024,"RECTELLIPSE"
"BPM_A.7R2.A.B2",3591.719216,0,0.024,0.024,0.024,0.024,"RECTELLIPSE"
"BPM_A.7R2.B2",3592.054216,0,0.024,0.024,0.024,0.024,"RECTELLIPSE"
"BPM_A.7R2.B.B2",3592.178616,0,0.024,0.024,0.024,0.024,"RECTELLIPSE"
"BPM.8R2.B2",3633.493206,0,0.024,0.024,0.024,0.024,"RECTELLIPSE"
"BPM.9R2.B2",3672.560195,0,0.024,0.024,0.024,0.024,"RECTELLIPSE"
"BPM.10R2.B2",3713.025185,0,0.024,0.024,0.024,0.024,"RECTELLIPSE"
"BPM.11R2.B2",3764.865874,0,0.024,0.024,0.024,0.024,"RECTELLIPSE"
"BPM.12R2.B2",3819.592358,0,0.024,0.024,0.024,0.024,"RECTELLIPSE"
"BPM.13R2.B2",3873.043842,0,0.024,0.024,0.024,0.024,"RECTELLIPSE"
"BPM.14R2.B2",3926.495326,0,0.024,0.024,0.024,0.024,"RECTELLIPSE"
"BPM.15R2.B2",3979.94681,0,0.024,0.024,0.024,0.024,"RECTELLIPSE"
"BPM.16R2.B2",4033.398294,0,0.024,0.024,0.024,0.024,"RECTELLIPSE"
"BPM.17R2.B2",4086.849779,0,0.024,0.024,0.024,0.024,"RECTELLIPSE"
"BPM.18R2.B2",4140.301263,0,0.024,0.024,0.024,0.024,"RECTELLIPSE"
"BPM.19R2.B2",4193.752747,0,0.024,0.024,0.024,0.024,"RECTELLIPSE"
"BPM.20R2.B2",4247.204231,0,0.024,0.024,0.024,0.024,"RECTELLIPSE"
"BPM.21R2.B2",4300.655715,0,0.024,0.024,0.024,0.024,"RECTELLIPSE"
"BPM.22R2.B2",4354.107199,0,0.024,0.024,0.024,0.024,"RECTELLIPSE"
"BPM.23R2.B2",4407.558683,0,0.024,0.024,0.024,0.024,"RECTELLIPSE"
"BPM.24R2.B2",4461.010167,0,0.024,0.024,0.024,0.024,"RECTELLIPSE"
"BPM.25R2.B2",4514.461651,0,0.024,0.024,0.024,0.024,"RECTELLIPSE"
"BPM.26R2.B2",4567.913135,0,0.024,0.024,0.024,0.024,"RECTELLIPSE"
"BPM.27R2.B2",4621.36462,0,0.024,0.024,0.024,0.024,"RECTELLIPSE"
"BPM.28R2.B2",4674.816104,0,0.024,0.024,0.024,0.024,"RECTELLIPSE"
"BPM.29R2.B2",4728.267588,0,0.024,0.024,0.024,0.024,"RECTELLIPSE"
"BPM.30R2.B2",4781.719072,0,0.024,0.024,0.024,0.024,"RECTELLIPSE"
"BPM.31R2.B2",4835.170556,0,0.024,0.024,0.024,0.024,"RECTELLIPSE"
"BPM.32R2.B2",4888.62204,0,0.024,0.024,0.024,0.024,"RECTELLIPSE"
"BPM.33R2.B2",4942.073524,0,0.024,0.024,0.024,0.024,"RECTELLIPSE"
"BPM.34R2.B2",4995.525008,0,0.024,0.024,0.024,0.024,"RECTELLIPSE"
"BPM.33L3.B2",5048.976492,0,0.024,0.024,0.024,0.024,"RECTELLIPSE"
"BPM.32L3.B2",5102.427976,0,0.024,0.024,0.024,0.024,"RECTELLIPSE"
"BPM.31L3.B2",5155.87946,0,0.024,0.024,0.024,0.024,"RECTELLIPSE"
"BPM.30L3.B2",5209.330945,0,0.024,0.024,0.024,0.024,"RECTELLIPSE"
"BPM.29L3.B2",5262.782429,0,0.024,0.024,0.024,0.024,"RECTELLIPSE"
"BPM.28L3.B2",5316.233913,0,0.024,0.024,0.024,0.024,"RECTELLIPSE"
"BPM.27L3.B2",5369.685397,0,0.024,0.024,0.024,0.024,"RECTELLIPSE"
"BPM.26L3.B2",5423.136881,0,0.024,0.024,0.024,0.024,"RECTELLIPSE"
"BPM.25L3.B2",5476.588365,0,0.024,0.024,0.024,0.024,"RECTELLIPSE"
"BPM.24L3.B2",5530.039849,0,0.024,0.024,0.024,0.024,"RECTELLIPSE"
"BPM.23L3.B2",5583.491333,0,0.024,0.024,0.024,0.024,"RECTELLIPSE"
"BPM.22L3.B2",5636.942817,0,0.024,0.024,0.024,0.024,"RECTELLIPSE"
"BPM.21L3.B2",5690.394301,0,0.024,0.024,0.024,0.024,"RECTELLIPSE"
"BPM.20L3.B2",5743.845786,0,0.024,0.024,0.024,0.024,"RECTELLIPSE"
"BPM.19L3.B2",5797.29727,0,0.024,0.024,0.024,0.024,"RECTELLIPSE"
"BPM.18L3.B2",5850.748754,0,0.024,0.024,0.024,0.024,"RECTELLIPSE"
"BPM.17L3.B2",5904.200238,0,0.024,0.024,0.024,0.024,"RECTELLIPSE"
"BPM.16L3.B2",5957.651722,0,0.024,0.024,0.024,0.024,"RECTELLIPSE"
"BPM.15L3.B2",6011.103206,0,0.024,0.024,0.024,0.024,"RECTELLIPSE"
"BPM.14L3.B2",6064.55469,0,0.024,0.024,0.024,0.024,"RECTELLIPSE"
"BPM.13L3.B2",6118.006174,0,0.024,0.024,0.024,0.024,"RECTELLIPSE"
"BPM.12L3.B2",6171.457658,0,0.024,0.024,0.024,0.024,"RECTELLIPSE"
"BPM.11L3.B2",6224.909142,0,0.024,0.024,0.024,0.024,"RECTELLIPSE"
"BPM.10L3.B2",6277.691832,0,0.024,0.024,0.024,0.024,"RECTELLIPSE"
"BPM.9L3.B2",6316.758821,0,0.024,0.024,0.024,0.024,"RECTELLIPSE"
"BPM.8L3.B2",6357.223811,0,0.024,0.024,0.024,0.024,"RECTELLIPSE"
"BPM.7L3.A.B2",6395.9548,0,0.024,0.024,0.024,0.024,"RECTELLIPSE"
"BPM.7L3.B2",6396.2898,0,0.024,0.024,0.024,0.024,"RECTELLIPSE"
"BPM.7L3.B.B2",6396.4142,0,0.024,0.024,0.024,0.024,"RECTELLIPSE"
"BTVM.7L3.A.B2",6424.6158,0,0.04,0.04,0.04,0.04,"RECTELLIPSE"
"BTVM.7L3.B2",6424.8658,0,0.04,0.04,0.04,0.04,"RECTELLIPSE"
"BTVM.7L3.B.B2",6425.1158,0,0.04,0.04,0.04,0.04,"RECTELLIPSE"
"BPMR.6L3.A.B2",6468.8044,0,0.024,0.024,0.024,0.024,"RECTELLIPSE"
"BPMR.6L3.B2",6468.9288,0,0.024,0.024,0.024,0.024,"RECTELLIPSE"
"BPMR.6L3.B.B2",6469.2638,0,0.024,0.024,0.024,0.024,"RECTELLIPSE"
"BPMWE.5L3.A.B2",6511.8778,0,0.0315,0.0315,0.0315,0.0315,"RECTELLIPSE"
"BPMWE.5L3.B.B2",6511.9358,0,0.03,0.03,0.03,0.03,"RECTELLIPSE"
"BPMWE.5L3.B2",6511.9823,0,0.03,0.03,0.03,0.03,"RECTELLIPSE"
"BPMWE.5L3.C.B2",6512.1048,0,0.03,0.03,0.03,0.03,"RECTELLIPSE"
"BPMWE.5L3.D.B2",6512.1628,0,0.026,0.015,0.026,0.015,"RECTELLIPSE"
"BPMW.5L3.A.B2",6539.4228,0,0.026,0.015,0.026,0.015,"RECTELLIPSE"
"BPMW.5L3.B.B2",6539.4808,0,0.03,0.03,0.03,0.03,"RECTELLIPSE"
"BPMW.5L3.B2",6539.5273,0,0.03,0.03,0.03,0.03,"RECTELLIPSE"
"BPMW.5L3.C.B2",6539.6498,0,0.03,0.03,0.03,0.03,"RECTELLIPSE"
"BPMW.5L3.D.B2",6539.7078,0,0.0295,0.022,0.0295,0.022,"RECTELLIPSE"
"BPMWE.4L3.A.B2",6614.5508,0,0.0315,0.0315,0.0315,0.0315,"RECTELLIPSE"
"BPMWE.4L3.B.B2",6614.6088,0,0.03,0.03,0.03,0.03,"RECTELLIPSE"
"BPMWE.4L3.B2",6614.6553,0,0.03,0.03,0.03,0.03,"RECTELLIPSE"
"BPMWE.4L3.C.B2",6614.7778,0,0.03,0.03,0.03,0.03,"RECTELLIPSE"
"BPMWE.4L3.D.B2",6614.8358,0,0.015,0.026,0.015,0.026,"RECTELLIPSE"
"BPMW.4L3.A.B2",6642.0958,0,0.015,0.026,0.015,0.026,"RECTELLIPSE"
"BPMW.4L3.B.B2",6642.1538,0,0.03,0.03,0.03,0.03,"RECTELLIPSE"
"BPMW.4L3.B2",6642.2003,0,0.03,0.03,0.03,0.03,"RECTELLIPSE"
"BPMW.4L3.C.B2",6642.3228,0,0.03,0.03,0.03,0.03,"RECTELLIPSE"
"BPMW.4L3.D.B2",6642.3808,0,0.022,0.0295,0.022,0.0295,"RECTELLIPSE"
"BPMW.4R3.A.B2",6687.0608,0,0.0295,0.022,0.0295,0.022,"RECTELLIPSE"
"BPMW.4R3.B.B2",6687.1188,0,0.03,0.03,0.03,0.03,"RECTELLIPSE"
"BPMW.4R3.B2",6687.1653,0,0.03,0.03,0.03,0.03,"RECTELLIPSE"
"BPMW.4R3.C.B2",6687.2878,0,0.03,0.03,0.03,0.03,"RECTELLIPSE"
"BPMW.4R3.D.B2",6687.3458,0,0.026,0.015,0.026,0.015,"RECTELLIPSE"
"BPMWE.4R3.A.B2",6714.6058,0,0.026,0.015,0.026,0.015,"RECTELLIPSE"
"BPMWE.4R3.B.B2",6714.6638,0,0.03,0.03,0.03,0.03,"RECTELLIPSE"
"BPMWE.4R3.B2",6714.7103,0,0.03,0.03,0.03,0.03,"RECTELLIPSE"
"BPMWE.4R3.C.B2",6714.8328,0,0.03,0.03,0.03,0.03,"RECTELLIPSE"
"BPMWE.4R3.D.B2",6714.8908,0,0.0315,0.0315,0.0315,0.0315,"RECTELLIPSE"
"BPMW.5R3.A.B2",6789.7338,0,0.022,0.0295,0.022,0.0295,"RECTELLIPSE"
"BPMW.5R3.B.B2",6789.7918,0,0.03,0.03,0.03,0.03,"RECTELLIPSE"
"BPMW.5R3.B2",6789.8383,0,0.03,0.03,0.03,0.03,"RECTELLIPSE"
"BPMW.5R3.C.B2",6789.9608,0,0.03,0.03,0.03,0.03,"RECTELLIPSE"
"BPMW.5R3.D.B2",6790.0188,0,0.015,0.026,0.015,0.026,"RECTELLIPSE"
"BPMWE.5R3.A.B2",6817.2788,0,0.015,0.026,0.015,0.026,"RECTELLIPSE"
"BPMWE.5R3.B.B2",6817.3368,0,0.03,0.03,0.03,0.03,"RECTELLIPSE"
"BPMWE.5R3.B2",6817.3833,0,0.03,0.03,0.03,0.03,"RECTELLIPSE"
"BPMWE.5R3.C.B2",6817.5058,0,0.03,0.03,0.03,0.03,"RECTELLIPSE"
"BPMWE.5R3.D.B2",6817.5638,0,0.0315,0.0315,0.0315,0.0315,"RECTELLIPSE"
"BPMWC.6R3.A.B2",6858.2698,0,0.0315,0.0315,0.0315,0.0315,"RECTELLIPSE"
"BPMWC.6R3.B.B2",6858.3278,0,0.03,0.03,0.03,0.03,"RECTELLIPSE"
"BPMWC.6R3.B2",6858.3743,0,0.03,0.03,0.03,0.03,"RECTELLIPSE"
"BPMWC.6R3.C.B2",6858.4968,0,0.03,0.03,0.03,0.03,"RECTELLIPSE"
"BPMWC.6R3.D.B2",6858.5548,0,0.0315,0.0315,0.0315,0.0315,"RECTELLIPSE"
"BPM.6R3.A.B2",6870.4044,0,0.024,0.024,0.024,0.024,"RECTELLIPSE"
"BPM.6R3.B2",6870.5288,0,0.024,0.024,0.024,0.024,"RECTELLIPSE"
"BPM.6R3.B.B2",6870.8638,0,0.024,0.024,0.024,0.024,"RECTELLIPSE"
"BPM_A.7R3.A.B2",6926.0178,0,0.024,0.024,0.024,0.024,"RECTELLIPSE"
"BPM_A.7R3.B2",6926.3528,0,0.024,0.024,0.024,0.024,"RECTELLIPSE"
"BPM_A.7R3.B.B2",6926.4772,0,0.024,0.024,0.024,0.024,"RECTELLIPSE"
"BPM.8R3.B2",6965.418789,0,0.024,0.024,0.024,0.024,"RECTELLIPSE"
"BPM.9R3.B2",7004.485779,0,0.024,0.024,0.024,0.024,"RECTELLIPSE"
"BPM.10R3.B2",7044.950768,0,0.024,0.024,0.024,0.024,"RECTELLIPSE"
"BPM.11R3.B2",7097.733458,0,0.024,0.024,0.024,0.024,"RECTELLIPSE"
"BPM.12R3.B2",7152.459942,0,0.024,0.024,0.024,0.024,"RECTELLIPSE"
"BPM.13R3.B2",7205.911426,0,0.024,0.024,0.024,0.024,"RECTELLIPSE"
"BPM.14R3.B2",7259.36291,0,0.024,0.024,0.024,0.024,"RECTELLIPSE"
"BPM.15R3.B2",7312.814394,0,0.024,0.024,0.024,0.024,"RECTELLIPSE"
"BPM.16R3.B2",7366.265878,0,0.024,0.024,0.024,0.024,"RECTELLIPSE"
"BPM.17R3.B2",7419.717362,0,0.024,0.024,0.024,0.024,"RECTELLIPSE"
"BPM.18R3.B2",7473.168846,0,0.024,0.024,0.024,0.024,"RECTELLIPSE"
"BPM.19R3.B2",7526.62033,0,0.024,0.024,0.024,0.024,"RECTELLIPSE"
"BPM.20R3.B2",7580.071814,0,0.024,0.024,0.024,0.024,"RECTELLIPSE"
"BPM.21R3.B2",7633.523299,0,0.024,0.024,0.024,0.024,"RECTELLIPSE"
"BPM.22R3.B2",7686.974783,0,0.024,0.024,0.024,0.024,"RECTELLIPSE"
"BPM.23R3.B2",7740.426267,0,0.024,0.024,0.024,0.024,"RECTELLIPSE"
"BPM.24R3.B2",7793.877751,0,0.024,0.024,0.024,0.024,"RECTELLIPSE"
"BPM.25R3.B2",7847.329235,0,0.024,0.024,0.024,0.024,"RECTELLIPSE"
"BPM.26R3.B2",7900.780719,0,0.024,0.024,0.024,0.024,"RECTELLIPSE"
"BPM.27R3.B2",7954.232203,0,0.024,0.024,0.024,0.024,"RECTELLIPSE"
"BPM.28R3.B2",8007.683687,0,0.024,0.024,0.024,0.024,"RECTELLIPSE"
"BPM.29R3.B2",8061.135171,0,0.024,0.024,0.024,0.024,"RECTELLIPSE"
"BPM.30R3.B2",8114.586655,0,0.024,0.024,0.024,0.024,"RECTELLIPSE"
"BPM.31R3.B2",8168.03814,0,0.024,0.024,0.024,0.024,"RECTELLIPSE"
"BPM.32R3.B2",8221.489624,0,0.024,0.024,0.024,0.024,"RECTELLIPSE"
"BPM.33R3.B2",8274.941108,0,0.024,0.024,0.024,0.024,"RECTELLIPSE"
"BPM.34R3.B2",8328.392592,0,0.024,0.024,0.024,0.024,"RECTELLIPSE"
"BPM.33L4.B2",8381.844076,0,0.024,0.024,0.024,0.024,"RECTELLIPSE"
"BPM.32L4.B2",8435.29556,0,0.024,0.024,0.024,0.024,"RECTELLIPSE"
"BPM.31L4.B2",8488.747044,0,0.024,0.024,0.024,0.024,"RECTELLIPSE"
"BPM.30L4.B2",8542.198528,0,0.024,0.024,0.024,0.024,"RECTELLIPSE"
"BPM.29L4.B2",8595.650012,0,0.024,0.024,0.024,0.024,"RECTELLIPSE"
"BPM.28L4.B2",8649.101496,0,0.024,0.024,0.024,0.024,"RECTELLIPSE"
"BPM.27L4.B2",8702.55298,0,0.024,0.024,0.024,0.024,"RECTELLIPSE"
"BPM.26L4.B2",8756.004465,0,0.024,0.024,0.024,0.024,"RECTELLIPSE"
"BPM.25L4.B2",8809.455949,0,0.024,0.024,0.024,0.024,"RECTELLIPSE"
"BPM.24L4.B2",8862.907433,0,0.024,0.024,0.024,0.024,"RECTELLIPSE"
"BPM.23L4.B2",8916.358917,0,0.024,0.024,0.024,0.024,"RECTELLIPSE"
"BPM.22L4.B2",8969.810401,0,0.024,0.024,0.024,0.024,"RECTELLIPSE"
"BPM.21L4.B2",9023.261885,0,0.024,0.024,0.024,0.024,"RECTELLIPSE"
"BPM.20L4.B2",9076.713369,0,0.024,0.024,0.024,0.024,"RECTELLIPSE"
"BPM.19L4.B2",9130.164853,0,0.024,0.024,0.024,0.024,"RECTELLIPSE"
"BPM.18L4.B2",9183.616337,0,0.024,0.024,0.024,0.024,"RECTELLIPSE"
"BPM.17L4.B2",9237.067821,0,0.024,0.024,0.024,0.024,"RECTELLIPSE"
"BPM.16L4.B2",9290.519306,0,0.024,0.024,0.024,0.024,"RECTELLIPSE"
"BPM.15L4.B2",9343.97079,0,0.024,0.024,0.024,0.024,"RECTELLIPSE"
"BPM.14L4.B2",9397.422274,0,0.024,0.024,0.024,0.024,"RECTELLIPSE"
"BPM.13L4.B2",9450.873758,0,0.024,0.024,0.024,0.024,"RECTELLIPSE"
"BPM.12L4.B2",9504.325242,0,0.024,0.024,0.024,0.024,"RECTELLIPSE"
"BPM.11L4.B2",9557.776726,0,0.024,0.024,0.024,0.024,"RECTELLIPSE"
"BPMC.10L4.B2",9609.617415,0,0.024,0.024,0.024,0.024,"RECTELLIPSE"
"BPMC.9L4.B2",9648.684405,0,0.024,0.024,0.024,0.024,"RECTELLIPSE"
"BPMC.8L4.B2",9689.149394,0,0.024,0.024,0.024,0.024,"RECTELLIPSE"
"BPMC.7L4.A.B2",9727.880384,0,0.024,0.024,0.024,0.024,"RECTELLIPSE"
"BPMC.7L4.B2",9728.215384,0,0.024,0.024,0.024,0.024,"RECTELLIPSE"
"BPMC.7L4.B.B2",9728.339784,0,0.024,0.024,0.024,0.024,"RECTELLIPSE"
"BPLH.7L4.A.B2",9822.105384,0,0.04,0.04,0.04,0.04,"RECTELLIPSE"
"BPLH.B7L4.B2",9822.405384,0,0.04,0.04,0.04,0.04,"RECTELLIPSE"
"BPLH.7L4.B.B2",9822.705384,0,0.04,0.04,0.04,0.04,"RECTELLIPSE"
"BPLH.7L4.C.B2",9822.905384,0,0.04,0.04,0.04,0.04,"RECTELLIPSE"
"BPLH.A7L4.B2",9823.205384,0,0.04,0.04,0.04,0.04,"RECTELLIPSE"
"BPLH.7L4.D.B2",9823.505384,0,0.04,0.04,0.04,0.04,"RECTELLIPSE"
"BPMYA.6L4.A.B2",9824.696384,0,0.03,0.03,0.03,0.03,"RECTELLIPSE"
"BPMYA.6L4.B2",9824.819384,0,0.03,0.03,0.03,0.03,"RECTELLIPSE"
"BPMYA.6L4.B.B2",9824.864384,0,0.03,0.03,0.03,0.03,"RECTELLIPSE"
"BTVM.6L4.A.B2",9848.737384,0,0.04,0.04,0.04,0.04,"RECTELLIPSE"
"BTVM.6L4.B2",9848.987384,0,0.04,0.04,0.04,0.04,"RECTELLIPSE"
"BTVM.6L4.B.B2",9849.237384,0,0.04,0.04,0.04,0.04,"RECTELLIPSE"
"BPMYB.5L4.A.B2",9861.696384,0,0.03,0.03,0.03,0.03,"RECTELLIPSE"
"BPMYB.5L4.B2",9861.819384,0,0.03,0.03,0.03,0.03,"RECTELLIPSE"
"BPMYB.5L4.B.B2",9861.864384,0,0.03,0.03,0.03,0.03,"RECTELLIPSE"
"BPLV.5L4.A.B2",9880.298384,0,0.04,0.04,0.04,0.04,"RECTELLIPSE"
"BPLV.B5L4.B2",9880.598384,0,0.04,0.04,0.04,0.04,"RECTELLIPSE"
"BPLV.5L4.B.B2",9880.898384,0,0.04,0.04,0.04,0.04,"RECTELLIPSE"
"BPLV.5L4.C.B2",9881.098384,0,0.04,0.04,0.04,0.04,"RECTELLIPSE"
"BPLV.A5L4.B2",9881.398384,0,0.04,0.04,0.04,0.04,"RECTELLIPSE"
"BPLV.5L4.D.B2",9881.698384,0,0.04,0.04,0.04,0.04,"RECTELLIPSE"
"BWS.5L4.A.B2",9911.781384,0,0.04,0.04,0.04,0.04,"RECTELLIPSE"
"BWS.5L4.B2",9912.281384,0,0.04,0.04,0.04,0.04,"RECTELLIPSE"
"BWS.5L4.B.B2",9912.781384,0,0.04,0.04,0.04,0.04,"RECTELLIPSE"
"BSRTM.5L4.A.B2",9923.776384,0,0.10635,0.10635,0.10635,0.10635,"RECTELLIPSE"
"BSRTM.5L4.B2",9924.076384,0,0.10635,0.10635,0.10635,0.10635,"RECTELLIPSE"
"BSRTM.5L4.B.B2",9924.376384,0,0.10635,0.10635,0.10635,0.10635,"RECTELLIPSE"
"BSRTA.5L4.A.B2",9938.226384,0,0.04,0.04,0.04,0.04,"RECTELLIPSE"
"BSRTA.5L4.B2",9938.376384,0,0.04,0.04,0.04,0.04,"RECTELLIPSE"
"BSRTA.5L4.B.B2",9938.526384,0,0.04,0.04,0.04,0.04,"RECTELLIPSE"
"BPMWA.5L4.A.B2",9964.105384,0,0.0315,0.0315,0.0315,0.0315,"RECTELLIPSE"
"BPMWA.5L4.B.B2",9964.163384,0,0.03,0.03,0.03,0.03,"RECTELLIPSE"
"BPMWA.B5L4.B2",9964.209884,0,0.03,0.03,0.03,0.03,"RECTELLIPSE"
"BPMWA.5L4.C.B2",9964.332384,0,0.03,0.03,0.03,0.03,"RECTELLIPSE"
"BPMWA.5L4.D.B2",9964.390384,0,0.0315,0.0315,0.0315,0.0315,"RECTELLIPSE"
"BPMWA.5L4.E.B2",9972.990384,0,0.0315,0.0315,0.0315,0.0315,"RECTELLIPSE"
"BPMWA.5L4.F.B2",9973.048384,0,0.03,0.03,0.03,0.03,"RECTELLIPSE"
"BPMWA.A5L4.B2",9973.094884,0,0.03,0.03,0.03,0.03,"RECTELLIPSE"
"BPMWA.5L4.G.B2",9973.217384,0,0.03,0.03,0.03,0.03,"RECTELLIPSE"
"BPMWA.5L4.H.B2",9973.275384,0,0.0315,0.0315,0.0315,0.0315,"RECTELLIPSE"
"BPMWA.5R4.A.B2",10021.03938,0,0.0315,0.0315,0.0315,0.0315,"RECTELLIPSE"
"BPMWA.5R4.B.B2",10021.09738,0,0.03,0.03,0.03,0.03,"RECTELLIPSE"
"BPMWA.A5R4.B2",10021.14388,0,0.03,0.03,0.03,0.03,"RECTELLIPSE"
"BPMWA.5R4.C.B2",10021.26638,0,0.03,0.03,0.03,0.03,"RECTELLIPSE"
"BPMWA.5R4.D.B2",10021.32438,0,0.0315,0.0315,0.0315,0.0315,"RECTELLIPSE"
"BPMWA.5R4.E.B2",10029.92438,0,0.0315,0.0315,0.0315,0.0315,"RECTELLIPSE"
"BPMWA.5R4.F.B2",10029.98238,0,0.03,0.03,0.03,0.03,"RECTELLIPSE"
"BPMWA.B5R4.B2",10030.02888,0,0.03,0.03,0.03,0.03,"RECTELLIPSE"
"BPMWA.5R4.G.B2",10030.15138,0,0.03,0.03,0.03,0.03,"RECTELLIPSE"
"BPMWA.5R4.H.B2",10030.20938,0,0.0315,0.0315,0.0315,0.0315,"RECTELLIPSE"
"BQSH.5R4.A.B2",10110.81638,0,0.04,0.04,0.04,0.04,"RECTELLIPSE"
"BQSH.5R4.B2",10111.56638,0,0.04,0.04,0.04,0.04,"RECTELLIPSE"
"BQSH.5R4.B.B2",10112.31638,0,0.04,0.04,0.04,0.04,"RECTELLIPSE"
"BPMYA.5R4.A.B2",10132.45038,0,0.03,0.03,0.03,0.03,"RECTELLIPSE"
"BPMYA.5R4.B2",10132.49538,0,0.03,0.03,0.03,0.03,"RECTELLIPSE"
"BPMYA.5R4.B.B2",10132.61838,0,0.03,0.03,0.03,0.03,"RECTELLIPSE"
"BPLH.6R4.A.B2",10133.80938,0,0.04,0.04,0.04,0.04,"RECTELLIPSE"
"BPLH.6R4.B2",10134.10938,0,0.04,0.04,0.04,0.04,"RECTELLIPSE"
"BPLH.6R4.B.B2",10134.40938,0,0.04,0.04,0.04,0.04,"RECTELLIPSE"
"BQKH.6R4.A.B2",10137.00938,0,0.04,0.04,0.04,0.04,"RECTELLIPSE"
"BQKH.A6R4.B2",10137.60938,0,0.04,0.04,0.04,0.04,"RECTELLIPSE"
"BQKH.6R4.B.B2",10138.20938,0,0.04,0.04,0.04,0.04,"RECTELLIPSE"
"BPLX.6R4.A.B2",10148.10938,0,0.04,0.04,0.04,0.04,"RECTELLIPSE"
"BPLX.B6R4.B2",10148.40938,0,0.04,0.04,0.04,0.04,"RECTELLIPSE"
"BPLX.6R4.B.B2",10148.70938,0,0.04,0.04,0.04,0.04,"RECTELLIPSE"
"BCTDC.6R4.A.B2",10151.74538,0,0.04,0.04,0.04,0.04,"RECTELLIPSE"
"BCTDC.A6R4.B2",10152.15538,0,0.032,0.032,0.032,0.032,"RECTELLIPSE"
"BCTDC.6R4.B.B2",10152.56538,0,0.032,0.032,0.032,0.032,"RECTELLIPSE"
"BCTDC.6R4.C.B2",10152.66538,0,0.032,0.032,0.032,0.032,"RECTELLIPSE"
"BCTDC.B6R4.B2",10153.07538,0,0.032,0.032,0.032,0.032,"RECTELLIPSE"
"BCTDC.6R4.D.B2",10153.48538,0,0.04,0.04,0.04,0.04,"RECTELLIPSE"
"BCTFR.6R4.A.B2",10153.66538,0,0.04,0.04,0.04,0.04,"RECTELLIPSE"
"BCTFR.A6R4.B2",10154.07538,0,0.032,0.032,0.032,0.032,"RECTELLIPSE"
"BCTFR.6R4.B.B2",10154.48538,0,0.032,0.032,0.032,0.032,"RECTELLIPSE"
"BCTFR.6R4.C.B2",10154.58538,0,0.032,0.032,0.032,0.032,"RECTELLIPSE"
"BCTFR.B6R4.B2",10154.99538,0,0.032,0.032,0.032,0.032,"RECTELLIPSE"
"BCTFR.6R4.D.B2",10155.40538,0,0.04,0.04,0.04,0.04,"RECTELLIPSE"
"BQKV.6R4.A.B2",10161.54538,0,0.04,0.04,0.04,0.04,"RECTELLIPSE"
"BQKV.6R4.B2",10162.14538,0,0.04,0.04,0.04,0.04,"RECTELLIPSE"
"BQKV.6R4.B.B2",10162.74538,0,0.04,0.04,0.04,0.04,"RECTELLIPSE"
"BPMYB.6R4.A.B2",10163.93638,0,0.03,0.03,0.03,0.03,"RECTELLIPSE"
"BPMYB.6R4.B2",10164.05938,0,0.03,0.03,0.03,0.03,"RECTELLIPSE"
"BPMYB.6R4.B.B2",10164.10438,0,0.03,0.03,0.03,0.03,"RECTELLIPSE"
"BQSV.7R4.A.B2",10173.10938,0,0.04,0.04,0.04,0.04,"RECTELLIPSE"
"BQSV.7R4.B2",10173.85938,0,0.04,0.04,0.04,0.04,"RECTELLIPSE"
"BQSV.7R4.B.B2",10174.60938,0,0.04,0.04,0.04,0.04,"RECTELLIPSE"
"BPLV.7R4.A.B2",10175.60938,0,0.04,0.04,0.04,0.04,"RECTELLIPSE"
"BPLV.7R4.B2",10175.90938,0,0.04,0.04,0.04,0.04,"RECTELLIPSE"
"BPLV.7R4.B.B2",10176.20938,0,0.04,0.04,0.04,0.04,"RECTELLIPSE"
"BPMCA.7R4.A.B2",10260.24038,0,0.024,0.024,0.024,0.024,"RECTELLIPSE"
"BPMCA.7R4.B2",10260.57538,0,0.024,0.024,0.024,0.024,"RECTELLIPSE"
"BPMCA.7R4.B.B2",10260.69978,0,0.024,0.024,0.024,0.024,"RECTELLIPSE"
"BPMC.8R4.B2",10298.36637,0,0.024,0.024,0.024,0.024,"RECTELLIPSE"
"BPMC.9R4.B2",10337.43336,0,0.024,0.024,0.024,0.024,"RECTELLIPSE"
"BPMC.10R4.B2",10377.89835,0,0.024,0.024,0.024,0.024,"RECTELLIPSE"
"BPM.11R4.B2",10429.73904,0,0.024,0.024,0.024,0.024,"RECTELLIPSE"
"BPM.12R4.B2",10484.46553,0,0.024,0.024,0.024,0.024,"RECTELLIPSE"
"BPM.13R4.B2",10537.91701,0,0.024,0.024,0.024,0.024,"RECTELLIPSE"
"BPM.14R4.B2",10591.36849,0,0.024,0.024,0.024,0.024,"RECTELLIPSE"
"BPM.15R4.B2",10644.81998,0,0.024,0.024,0.024,0.024,"RECTELLIPSE"
"BPM.16R4.B2",10698.27146,0,0.024,0.024,0.024,0.024,"RECTELLIPSE"
"BPM.17R4.B2",10751.72295,0,0.024,0.024,0.024,0.024,"RECTELLIPSE"
"BPM.18R4.B2",10805.17443,0,0.024,0.024,0.024,0.024,"RECTELLIPSE"
"BPM.19R4.B2",10858.62591,0,0.024,0.024,0.024,0.024,"RECTELLIPSE"
"BPM.20R4.B2",10912.0774,0,0.024,0.024,0.024,0.024,"RECTELLIPSE"
"BPM.21R4.B2",10965.52888,0,0.024,0.024,0.024,0.024,"RECTELLIPSE"
"BPM.22R4.B2",11018.98037,0,0.024,0.024,0.024,0.024,"RECTELLIPSE"
"BPM.23R4.B2",11072.43185,0,0.024,0.024,0.024,0.024,"RECTELLIPSE"
"BPM.24R4.B2",11125.88333,0,0.024,0.024,0.024,0.024,"RECTELLIPSE"
"BPM.25R4.B2",11179.33482,0,0.024,0.024,0.024,0.024,"RECTELLIPSE"
"BPM.26R4.B2",11232.7863,0,0.024,0.024,0.024,0.024,"RECTELLIPSE"
"BPM.27R4.B2",11286.23779,0,0.024,0.024,0.024,0.024,"RECTELLIPSE"
"BPM.28R4.B2",11339.68927,0,0.024,0.024,0.024,0.024,"RECTELLIPSE"
"BPM.29R4.B2",11393.14075,0,0.024,0.024,0.024,0.024,"RECTELLIPSE"
"BPM.30R4.B2",11446.59224,0,0.024,0.024,0.024,0.024,"RECTELLIPSE"
"BPM.31R4.B2",11500.04372,0,0.024,0.024,0.024,0.024,"RECTELLIPSE"
"BPM.32R4.B2",11553.49521,0,0.024,0.024,0.024,0.024,"RECTELLIPSE"
"BPM.33R4.B2",11606.94669,0,0.024,0.024,0.024,0.024,"RECTELLIPSE"
"BPM.34R4.B2",11660.39818,0,0.024,0.024,0.024,0.024,"RECTELLIPSE"
"BPM.33L5.B2",11713.84966,0,0.024,0.024,0.024,0.024,"RECTELLIPSE"
"BPM.32L5.B2",11767.30114,0,0.024,0.024,0.024,0.024,"RECTELLIPSE"
"BPM.31L5.B2",11820.75263,0,0.024,0.024,0.024,0.024,"RECTELLIPSE"
"BPM.30L5.B2",11874.20411,0,0.024,0.024,0.024,0.024,"RECTELLIPSE"
"BPM.29L5.B2",11927.6556,0,0.024,0.024,0.024,0.024,"RECTELLIPSE"
"BPM.28L5.B2",11981.10708,0,0.024,0.024,0.024,0.024,"RECTELLIPSE"
"BPM.27L5.B2",12034.55856,0,0.024,0.024,0.024,0.024,"RECTELLIPSE"
"BPM.26L5.B2",12088.01005,0,0.024,0.024,0.024,0.024,"RECTELLIPSE"
"BPM.25L5.B2",12141.46153,0,0.024,0.024,0.024,0.024,"RECTELLIPSE"
"BPM.24L5.B2",12194.91302,0,0.024,0.024,0.024,0.024,"RECTELLIPSE"
"BPM.23L5.B2",12248.3645,0,0.024,0.024,0.024,0.024,"RECTELLIPSE"
"BPM.22L5.B2",12301.81598,0,0.024,0.024,0.024,0.024,"RECTELLIPSE"
"BPM.21L5.B2",12355.26747,0,0.024,0.024,0.024,0.024,"RECTELLIPSE"
"BPM.20L5.B2",12408.71895,0,0.024,0.024,0.024,0.024,"RECTELLIPSE"
"BPM.19L5.B2",12462.17044,0,0.024,0.024,0.024,0.024,"RECTELLIPSE"
"BPM.18L5.B2",12515.62192,0,0.024,0.024,0.024,0.024,"RECTELLIPSE"
"BPM.17L5.B2",12569.07341,0,0.024,0.024,0.024,0.024,"RECTELLIPSE"
"BPM.16L5.B2",12622.52489,0,0.024,0.024,0.024,0.024,"RECTELLIPSE"
"BPM.15L5.B2",12675.97637,0,0.024,0.024,0.024,0.024,"RECTELLIPSE"
"BPM.14L5.B2",12729.42786,0,0.024,0.024,0.024,0.024,"RECTELLIPSE"
"BPM.13L5.B2",12782.87934,0,0.024,0.024,0.024,0.024,"RECTELLIPSE"
"BPM.12L5.B2",12836.33083,0,0.024,0.024,0.024,0.024,"RECTELLIPSE"
"BPM.11L5.B2",12889.78231,0,0.024,0.024,0.024,0.024,"RECTELLIPSE"
"BPM.10L5.B2",12942.565,0,0.024,0.024,0.024,0.024,"RECTELLIPSE"
"BPM.9L5.B2",12981.63199,0,0.024,0.024,0.024,0.024,"RECTELLIPSE"
"BPM.8L5.B2",13022.09698,0,0.024,0.024,0.024,0.024,"RECTELLIPSE"
"BPM.7L5.A.B2",13060.82997,0,0.024,0.024,0.024,0.024,"RECTELLIPSE"
"BPM.7L5.B2",13061.16497,0,0.024,0.024,0.024,0.024,"RECTELLIPSE"
"BPM.7L5.B.B2",13061.28937,0,0.024,0.024,0.024,0.024,"RECTELLIPSE"
"BPMR.6L5.A.B2",13097.72397,0,0.024,0.024,0.024,0.024,"RECTELLIPSE"
"BPMR.6L5.B2",13098.05897,0,0.024,0.024,0.024,0.024,"RECTELLIPSE"
"BPMR.6L5.B.B2",13098.18337,0,0.024,0.024,0.024,0.024,"RECTELLIPSE"
"BPMWT.6L5.A.B2",13109.32897,0,0.04,0.04,0.04,0.04,"RECTELLIPSE"
"BPMWT.B6L5.B2",13109.36897,0,0.04,0.04,0.04,0.04,"RECTELLIPSE"
"BPMWT.6L5.B.B2",13109.40897,0,0.04,0.04,0.04,0.04,"RECTELLIPSE"
"BPMWT.6L5.C.B2",13115.15097,0,0.04,0.04,0.04,0.04,"RECTELLIPSE"
"BPMWT.A6L5.B2",13115.19097,0,0.04,0.04,0.04,0.04,"RECTELLIPSE"
"BPMWT.6L5.D.B2",13115.23097,0,0.04,0.04,0.04,0.04,"RECTELLIPSE"
"BPM.5L5.A.B2",13129.62397,0,0.024,0.024,0.024,0.024,"RECTELLIPSE"
"BPM.5L5.B2",13129.95897,0,0.024,0.024,0.024,0.024,"RECTELLIPSE"
"BPM.5L5.B.B2",13130.08337,0,0.024,0.024,0.024,0.024,"RECTELLIPSE"
"BPMYA.4L5.A.B2",13157.24197,0,0.03,0.03,0.03,0.03,"RECTELLIPSE"
"BPMYA.4L5.B2",13157.36497,0,0.03,0.03,0.03,0.03,"RECTELLIPSE"
"BPMYA.4L5.B.B2",13157.40997,0,0.03,0.03,0.03,0.03,"RECTELLIPSE"
"BPMWB.4L5.A.B2",13178.31897,0,0.0315,0.0315,0.0315,0.0315,"RECTELLIPSE"
"BPMWB.4L5.B.B2",13178.37697,0,0.03,0.03,0.03,0.03,"RECTELLIPSE"
"BPMWB.4L5.B2",13178.42347,0,0.03,0.03,0.03,0.03,"RECTELLIPSE"
"BPMWB.4L5.C.B2",13178.54597,0,0.03,0.03,0.03,0.03,"RECTELLIPSE"
"BPMWB.4L5.D.B2",13178.60397,0,0.0315,0.0315,0.0315,0.0315,"RECTELLIPSE"
"BPMWT.4L5.A.B2",13178.85297,0,0.04,0.04,0.04,0.04,"RECTELLIPSE"
"BPMWT.B4L5.B2",13178.89297,0,0.04,0.04,0.04,0.04,"RECTELLIPSE"
"BPMWT.4L5.B.B2",13178.93297,0,0.04,0.04,0.04,0.04,"RECTELLIPSE"
"BPMWT.4L5.C.B2",13180.83497,0,0.04,0.04,0.04,0.04,"RECTELLIPSE"
"BPMWT.A4L5.B2",13180.87497,0,0.04,0.04,0.04,0.04,"RECTELLIPSE"
"BPMWT.4L5.D.B2",13180.91497,0,0.04,0.04,0.04,0.04,"RECTELLIPSE"
"BRANA.4L5",13188.41897,0,9.999999,9.999999,9.999999,9.999999,"RECTELLIPSE"
"BPMSY.4L5.A.B2",13271.13697,0,0.04,0.04,0.04,0.04,"RECTELLIPSE"
"BPMSY.4L5.B2",13271.27947,0,0.04,0.04,0.04,0.04,"RECTELLIPSE"
"BPMSY.4L5.B.B2",13271.42197,0,0.04,0.04,0.04,0.04,"RECTELLIPSE"
"BPMS.2L5.A.B2",13297.97507,0,0.0301,0.0301,0.0301,0.0301,"RECTELLIPSE"
"BPMS.2L5.B2",13298.06497,0,0.0301,0.0301,0.0301,0.0301,"RECTELLIPSE"
"BPMS.2L5.B.B2",13298.19807,0,0.0301,0.0301,0.0301,0.0301,"RECTELLIPSE"
"BPMSW.1L5.A.B2",13307.97897,0,0.0315,0.0315,0.0315,0.0315,"RECTELLIPSE"
"BPMSW.1L5.B.B2",13307.98547,0,0.03,0.03,0.03,0.03,"RECTELLIPSE"
"BPMSW.1L5.B2",13308.11897,0,0.03,0.03,0.03,0.03,"RECTELLIPSE"
"BPMSW.1L5.C.B2",13308.25247,0,0.03,0.03,0.03,0.03,"RECTELLIPSE"
"BPMSW.1L5.D.B2",13308.26397,0,0.0315,0.0315,0.0315,0.0315,"RECTELLIPSE"
"BPMSW.1R5.A.B2",13350.92397,0,0.0315,0.0315,0.0315,0.0315,"RECTELLIPSE"
"BPMSW.1R5.B.B2",13350.93547,0,0.03,0.03,0.03,0.03,"RECTELLIPSE"
"BPMSW.1R5.B2",13351.06897,0,0.03,0.03,0.03,0.03,"RECTELLIPSE"
"BPMSW.1R5.C.B2",13351.20247,0,0.03,0.03,0.03,0.03,"RECTELLIPSE"
"BPMSW.1R5.D.B2",13351.20897,0,0.0315,0.0315,0.0315,0.0315,"RECTELLIPSE"
"BPMS.2R5.A.B2",13360.98987,0,0.0301,0.0301,0.0301,0.0301,"RECTELLIPSE"
"BPMS.2R5.B2",13361.12297,0,0.0301,0.0301,0.0301,0.0301,"RECTELLIPSE"
"BPMS.2R5.B.B2",13361.21287,0,0.0301,0.0301,0.0301,0.0301,"RECTELLIPSE"
"BPMSY.4R5.A.B2",13387.76597,0,0.04,0.04,0.04,0.04,"RECTELLIPSE"
"BPMSY.4R5.B2",13387.90847,0,0.04,0.04,0.04,0.04,"RECTELLIPSE"
"BPMSY.4R5.B.B2",13388.05097,0,0.04,0.04,0.04,0.04,"RECTELLIPSE"
"BRANA.4R5",13470.76897,0,9.999999,9.999999,9.999999,9.999999,"RECTELLIPSE"
"BPMWB.4R5.A.B2",13480.58397,0,0.0315,0.0315,0.0315,0.0315,"RECTELLIPSE"
"BPMWB.4R5.B.B2",13480.64197,0,0.03,0.03,0.03,0.03,"RECTELLIPSE"
"BPMWB.4R5.B2",13480.76447,0,0.03,0.03,0.03,0.03,"RECTELLIPSE"
"BPMWB.4R5.C.B2",13480.81097,0,0.03,0.03,0.03,0.03,"RECTELLIPSE"
"BPMWB.4R5.D.B2",13480.86897,0,0.0315,0.0315,0.0315,0.0315,"RECTELLIPSE"
"BPMYA.4R5.A.B2",13501.77597,0,0.03,0.03,0.03,0.03,"RECTELLIPSE"
"BPMYA.4R5.B2",13501.82097,0,0.03,0.03,0.03,0.03,"RECTELLIPSE"
"BPMYA.4R5.B.B2",13501.94397,0,0.03,0.03,0.03,0.03,"RECTELLIPSE"
"BPTX.5R5.A.B2",13504.13197,0,0.0315,0.0315,0.0315,0.0315,"RECTELLIPSE"
"BPTX.5R5.B2",13504.31247,0,0.0315,0.0315,0.0315,0.0315,"RECTELLIPSE"
"BPTX.5R5.B.B2",13504.41697,0,0.0315,0.0315,0.0315,0.0315,"RECTELLIPSE"
"BPMR.5R5.A.B2",13522.60397,0,0.024,0.024,0.024,0.024,"RECTELLIPSE"
"BPMR.5R5.B2",13522.93897,0,0.024,0.024,0.024,0.024,"RECTELLIPSE"
"BPMR.5R5.B.B2",13523.06337,0,0.024,0.024,0.024,0.024,"RECTELLIPSE"
"BPM.6R5.A.B2",13554.50397,0,0.024,0.024,0.024,0.024,"RECTELLIPSE"
"BPM.6R5.B2",13554.83897,0,0.024,0.024,0.024,0.024,"RECTELLIPSE"
"BPM.6R5.B.B2",13554.96337,0,0.024,0.024,0.024,0.024,"RECTELLIPSE"
"BPMRA.7R5.A.B2",13588.51797,0,0.024,0.024,0.024,0.024,"RECTELLIPSE"
"BPMRA.7R5.B2",13588.85297,0,0.024,0.024,0.024,0.024,"RECTELLIPSE"
"BPMRA.7R5.B.B2",13588.97737,0,0.024,0.024,0.024,0.024,"RECTELLIPSE"
"BPM.8R5.B2",13630.28998,0,0.024,0.024,0.024,0.024,"RECTELLIPSE"
"BPM.9R5.B2",13669.35499,0,0.024,0.024,0.024,0.024,"RECTELLIPSE"
"BPM.10R5.B2",13709.818,0,0.024,0.024,0.024,0.024,"RECTELLIPSE"
"BPM.11R5.B2",13762.59871,0,0.024,0.024,0.024,0.024,"RECTELLIPSE"
"BPM.12R5.B2",13817.32223,0,0.024,0.024,0.024,0.024,"RECTELLIPSE"
"BPM.13R5.B2",13870.77074,0,0.024,0.024,0.024,0.024,"RECTELLIPSE"
"BPM.14R5.B2",13924.21926,0,0.024,0.024,0.024,0.024,"RECTELLIPSE"
"BPM.15R5.B2",13977.66777,0,0.024,0.024,0.024,0.024,"RECTELLIPSE"
"BPM.16R5.B2",14031.11629,0,0.024,0.024,0.024,0.024,"RECTELLIPSE"
"BPM.17R5.B2",14084.56481,0,0.024,0.024,0.024,0.024,"RECTELLIPSE"
"BPM.18R5.B2",14138.01332,0,0.024,0.024,0.024,0.024,"RECTELLIPSE"
"BPM.19R5.B2",14191.46184,0,0.024,0.024,0.024,0.024,"RECTELLIPSE"
"BPM.20R5.B2",14244.91035,0,0.024,0.024,0.024,0.024,"RECTELLIPSE"
"BPM.21R5.B2",14298.35887,0,0.024,0.024,0.024,0.024,"RECTELLIPSE"
"BPM.22R5.B2",14351.80738,0,0.024,0.024,0.024,0.024,"RECTELLIPSE"
"BPM.23R5.B2",14405.2559,0,0.024,0.024,0.024,0.024,"RECTELLIPSE"
"BPM.24R5.B2",14458.70442,0,0.024,0.024,0.024,0.024,"RECTELLIPSE"
"BPM.25R5.B2",14512.15293,0,0.024,0.024,0.024,0.024,"RECTELLIPSE"
"BPM.26R5.B2",14565.60145,0,0.024,0.024,0.024,0.024,"RECTELLIPSE"
"BPM.27R5.B2",14619.04996,0,0.024,0.024,0.024,0.024,"RECTELLIPSE"
"BPM.28R5.B2",14672.49848,0,0.024,0.024,0.024,0.024,"RECTELLIPSE"
"BPM.29R5.B2",14725.947,0,0.024,0.024,0.024,0.024,"RECTELLIPSE"
"BPM.30R5.B2",14779.39551,0,0.024,0.024,0.024,0.024,"RECTELLIPSE"
"BPM.31R5.B2",14832.84403,0,0.024,0.024,0.024,0.024,"RECTELLIPSE"
"BPM.32R5.B2",14886.29254,0,0.024,0.024,0.024,0.024,"RECTELLIPSE"
"BPM.33R5.B2",14939.74106,0,0.024,0.024,0.024,0.024,"RECTELLIPSE"
"BPM.34R5.B2",14993.18958,0,0.024,0.024,0.024,0.024,"RECTELLIPSE"
"BPM.33L6.B2",15046.63809,0,0.024,0.024,0.024,0.024,"RECTELLIPSE"
"BPM.32L6.B2",15100.08661,0,0.024,0.024,0.024,0.024,"RECTELLIPSE"
"BPM.31L6.B2",15153.53512,0,0.024,0.024,0.024,0.024,"RECTELLIPSE"
"BPM.30L6.B2",15206.98364,0,0.024,0.024,0.024,0.024,"RECTELLIPSE"
"BPM.29L6.B2",15260.43215,0,0.024,0.024,0.024,0.024,"RECTELLIPSE"
"BPM.28L6.B2",15313.88067,0,0.024,0.024,0.024,0.024,"RECTELLIPSE"
"BPM.27L6.B2",15367.32919,0,0.024,0.024,0.024,0.024,"RECTELLIPSE"
"BPM.26L6.B2",15420.7777,0,0.024,0.024,0.024,0.024,"RECTELLIPSE"
"BPM.25L6.B2",15474.22622,0,0.024,0.024,0.024,0.024,"RECTELLIPSE"
"BPM.24L6.B2",15527.67473,0,0.024,0.024,0.024,0.024,"RECTELLIPSE"
"BPM.23L6.B2",15581.12325,0,0.024,0.024,0.024,0.024,"RECTELLIPSE"
"BPM.22L6.B2",15634.57177,0,0.024,0.024,0.024,0.024,"RECTELLIPSE"
"BPM.21L6.B2",15688.02028,0,0.024,0.024,0.024,0.024,"RECTELLIPSE"
"BPM.20L6.B2",15741.4688,0,0.024,0.024,0.024,0.024,"RECTELLIPSE"
"BPM.19L6.B2",15794.91731,0,0.024,0.024,0.024,0.024,"RECTELLIPSE"
"BPM.18L6.B2",15848.36583,0,0.024,0.024,0.024,0.024,"RECTELLIPSE"
"BPM.17L6.B2",15901.81435,0,0.024,0.024,0.024,0.024,"RECTELLIPSE"
"BPM.16L6.B2",15955.26286,0,0.024,0.024,0.024,0.024,"RECTELLIPSE"
"BPM.15L6.B2",16008.71138,0,0.024,0.024,0.024,0.024,"RECTELLIPSE"
"BPM.14L6.B2",16062.15989,0,0.024,0.024,0.024,0.024,"RECTELLIPSE"
"BPM.13L6.B2",16115.60841,0,0.024,0.024,0.024,0.024,"RECTELLIPSE"
"BPM.12L6.B2",16169.05693,0,0.024,0.024,0.024,0.024,"RECTELLIPSE"
"BPM.11L6.B2",16222.50544,0,0.024,0.024,0.024,0.024,"RECTELLIPSE"
"BPM.10L6.B2",16274.34415,0,0.024,0.024,0.024,0.024,"RECTELLIPSE"
"BPM.9L6.B2",16313.40916,0,0.024,0.024,0.024,0.024,"RECTELLIPSE"
"BPM.8L6.B2",16353.87217,0,0.024,0.024,0.024,0.024,"RECTELLIPSE"
"BPMYB.5L6.A.B2",16450.83718,0,0.03,0.03,0.03,0.03,"RECTELLIPSE"
"BPMYB.5L6.B2",16450.96018,0,0.03,0.03,0.03,0.03,"RECTELLIPSE"
"BPMYB.5L6.B.B2",16451.00518,0,0.03,0.03,0.03,0.03,"RECTELLIPSE"
"BPMYA.4L6.A.B2",16487.23718,0,0.03,0.03,0.03,0.03,"RECTELLIPSE"
"BPMYA.4L6.B2",16487.36018,0,0.03,0.03,0.03,0.03,"RECTELLIPSE"
"BPMYA.4L6.B.B2",16487.40518,0,0.03,0.03,0.03,0.03,"RECTELLIPSE"
"BPMSB.4L6.A.B2",16517.98818,0,0.065,0.065,0.065,0.065,"RECTELLIPSE"
"BPMSB.B4L6.B2",16518.13068,0,0.065,0.065,0.065,0.065,"RECTELLIPSE"
"BPMSB.4L6.B.B2",16518.27318,0,0.065,0.065,0.065,0.065,"RECTELLIPSE"
"BPMSB.4L6.C.B2",16518.62318,0,0.065,0.065,0.065,0.065,"RECTELLIPSE"
"BPMSB.A4L6.B2",16518.76568,0,0.065,0.065,0.065,0.065,"RECTELLIPSE"
"BPMSB.4L6.D.B2",16518.90818,0,0.065,0.065,0.065,0.065,"RECTELLIPSE"
"BPMSA.4L6.A.B2",16615.43318,0,0.04,0.04,0.04,0.04,"RECTELLIPSE"
"BPMSA.4L6.B2",16615.57568,0,0.04,0.04,0.04,0.04,"RECTELLIPSE"
"BPMSA.4L6.B.B2",16615.71818,0,0.04,0.04,0.04,0.04,"RECTELLIPSE"
"BTVSE.4R6.A.B2",16706.20318,0,0.064,0.064,0.026,0.026,"RECTELLIPSE"
"BTVSE.4R6.B.B2",16706.24418,0,0.064,0.026,0.064,0.064,"RECTELLIPSE"
"BTVSE.4R6.C.B2",16706.34518,0,0.064,0.039,0.064,0.064,"RECTELLIPSE"
"BTVSE.A4R6.B2",16706.45318,0,0.04,0.04,0.04,0.04,"RECTELLIPSE"
"BTVSE.4R6.D.B2",16706.56118,0,0.064,0.039,0.064,0.064,"RECTELLIPSE"
"BTVSE.4R6.E.B2",16706.66218,0,0.064,0.026,0.064,0.064,"RECTELLIPSE"
"BTVSE.4R6.F.B2",16706.70318,0,0.064,0.026,0.064,0.064,"RECTELLIPSE"
"BPMSE.4R6.A.B2",16707.00318,0,0.065,0.065,0.065,0.065,"RECTELLIPSE"
"BPMSE.4R6.B2",16707.14568,0,0.065,0.065,0.065,0.065,"RECTELLIPSE"
"BPMSE.4R6.B.B2",16707.28818,0,0.065,0.065,0.065,0.065,"RECTELLIPSE"
"BPMSA.4R6.A.B2",16803.67818,0,0.04,0.04,0.04,0.04,"RECTELLIPSE"
"BPMSA.A4R6.B2",16803.82068,0,0.04,0.04,0.04,0.04,"RECTELLIPSE"
"BPMSA.4R6.B.B2",16803.96318,0,0.04,0.04,0.04,0.04,"RECTELLIPSE"
"BPMSA.4R6.C.B2",16804.26318,0,0.04,0.04,0.04,0.04,"RECTELLIPSE"
"BPMSA.B4R6.B2",16804.40568,0,0.04,0.04,0.04,0.04,"RECTELLIPSE"
"BPMSA.4R6.D.B2",16804.54818,0,0.04,0.04,0.04,0.04,"RECTELLIPSE"
"BPMYB.4R6.A.B2",16830.83718,0,0.03,0.03,0.03,0.03,"RECTELLIPSE"
"BPMYB.4R6.B2",16830.96018,0,0.03,0.03,0.03,0.03,"RECTELLIPSE"
"BPMYB.4R6.B.B2",16831.00518,0,0.03,0.03,0.03,0.03,"RECTELLIPSE"
"BPMYA.5R6.A.B2",16867.23718,0,0.03,0.03,0.03,0.03,"RECTELLIPSE"
"BPMYA.5R6.B2",16867.36018,0,0.03,0.03,0.03,0.03,"RECTELLIPSE"
"BPMYA.5R6.B.B2",16867.40518,0,0.03,0.03,0.03,0.03,"RECTELLIPSE"
"BPM.8R6.B2",16963.08519,0,0.024,0.024,0.024,0.024,"RECTELLIPSE"
"BPM.9R6.B2",17002.1502,0,0.024,0.024,0.024,0.024,"RECTELLIPSE"
"BPM.10R6.B2",17042.61322,0,0.024,0.024,0.024,0.024,"RECTELLIPSE"
"BPM.11R6.B2",17094.45193,0,0.024,0.024,0.024,0.024,"RECTELLIPSE"
"BPM.12R6.B2",17149.17544,0,0.024,0.024,0.024,0.024,"RECTELLIPSE"
"BPM.13R6.B2",17202.62396,0,0.024,0.024,0.024,0.024,"RECTELLIPSE"
"BPM.14R6.B2",17256.07247,0,0.024,0.024,0.024,0.024,"RECTELLIPSE"
"BPM.15R6.B2",17309.52099,0,0.024,0.024,0.024,0.024,"RECTELLIPSE"
"BPM.16R6.B2",17362.96951,0,0.024,0.024,0.024,0.024,"RECTELLIPSE"
"BPM.17R6.B2",17416.41802,0,0.024,0.024,0.024,0.024,"RECTELLIPSE"
"BPM.18R6.B2",17469.86654,0,0.024,0.024,0.024,0.024,"RECTELLIPSE"
"BPM.19R6.B2",17523.31505,0,0.024,0.024,0.024,0.024,"RECTELLIPSE"
"BPM.20R6.B2",17576.76357,0,0.024,0.024,0.024,0.024,"RECTELLIPSE"
"BPM.21R6.B2",17630.21209,0,0.024,0.024,0.024,0.024,"RECTELLIPSE"
"BPM.22R6.B2",17683.6606,0,0.024,0.024,0.024,0.024,"RECTELLIPSE"
"BPM.23R6.B2",17737.10912,0,0.024,0.024,0.024,0.024,"RECTELLIPSE"
"BPM.24R6.B2",17790.55763,0,0.024,0.024,0.024,0.024,"RECTELLIPSE"
"BPM.25R6.B2",17844.00615,0,0.024,0.024,0.024,0.024,"RECTELLIPSE"
"BPM.26R6.B2",17897.45466,0,0.024,0.024,0.024,0.024,"RECTELLIPSE"
"BPM.27R6.B2",17950.90318,0,0.024,0.024,0.024,0.024,"RECTELLIPSE"
"BPM.28R6.B2",18004.3517,0,0.024,0.024,0.024,0.024,"RECTELLIPSE"
"BPM.29R6.B2",18057.80021,0,0.024,0.024,0.024,0.024,"RECTELLIPSE"
"BPM.30R6.B2",18111.24873,0,0.024,0.024,0.024,0.024,"RECTELLIPSE"
"BPM.31R6.B2",18164.69724,0,0.024,0.024,0.024,0.024,"RECTELLIPSE"
"BPM.32R6.B2",18218.14576,0,0.024,0.024,0.024,0.024,"RECTELLIPSE"
"BPM.33R6.B2",18271.59428,0,0.024,0.024,0.024,0.024,"RECTELLIPSE"
"BPM.34R6.B2",18325.04279,0,0.024,0.024,0.024,0.024,"RECTELLIPSE"
"BPM.33L7.B2",18378.49131,0,0.024,0.024,0.024,0.024,"RECTELLIPSE"
"BPM.32L7.B2",18431.93982,0,0.024,0.024,0.024,0.024,"RECTELLIPSE"
"BPM.31L7.B2",18485.38834,0,0.024,0.024,0.024,0.024,"RECTELLIPSE"
"BPM.30L7.B2",18538.83686,0,0.024,0.024,0.024,0.024,"RECTELLIPSE"
"BPM.29L7.B2",18592.28537,0,0.024,0.024,0.024,0.024,"RECTELLIPSE"
"BPM.28L7.B2",18645.73389,0,0.024,0.024,0.024,0.024,"RECTELLIPSE"
"BPM.27L7.B2",18699.1824,0,0.024,0.024,0.024,0.024,"RECTELLIPSE"
"BPM.26L7.B2",18752.63092,0,0.024,0.024,0.024,0.024,"RECTELLIPSE"
"BPM.25L7.B2",18806.07943,0,0.024,0.024,0.024,0.024,"RECTELLIPSE"
"BPM.24L7.B2",18859.52795,0,0.024,0.024,0.024,0.024,"RECTELLIPSE"
"BPM.23L7.B2",18912.97647,0,0.024,0.024,0.024,0.024,"RECTELLIPSE"
"BPM.22L7.B2",18966.42498,0,0.024,0.024,0.024,0.024,"RECTELLIPSE"
"BPM.21L7.B2",19019.8735,0,0.024,0.024,0.024,0.024,"RECTELLIPSE"
"BPM.20L7.B2",19073.32201,0,0.024,0.024,0.024,0.024,"RECTELLIPSE"
"BPM.19L7.B2",19126.77053,0,0.024,0.024,0.024,0.024,"RECTELLIPSE"
"BPM.18L7.B2",19180.21905,0,0.024,0.024,0.024,0.024,"RECTELLIPSE"
"BPM.17L7.B2",19233.66756,0,0.024,0.024,0.024,0.024,"RECTELLIPSE"
"BPM.16L7.B2",19287.11608,0,0.024,0.024,0.024,0.024,"RECTELLIPSE"
"BPM.15L7.B2",19340.56459,0,0.024,0.024,0.024,0.024,"RECTELLIPSE"
"BPM.14L7.B2",19394.01311,0,0.024,0.024,0.024,0.024,"RECTELLIPSE"
"BPM.13L7.B2",19447.46163,0,0.024,0.024,0.024,0.024,"RECTELLIPSE"
"BPM.12L7.B2",19500.91014,0,0.024,0.024,0.024,0.024,"RECTELLIPSE"
"BPM.11L7.B2",19554.35866,0,0.024,0.024,0.024,0.024,"RECTELLIPSE"
"BPM.10L7.B2",19607.13937,0,0.024,0.024,0.024,0.024,"RECTELLIPSE"
"BPM.9L7.B2",19646.20438,0,0.024,0.024,0.024,0.024,"RECTELLIPSE"
"BPM.8L7.B2",19686.66739,0,0.024,0.024,0.024,0.024,"RECTELLIPSE"
"BPM.7L7.A.B2",19725.3964,0,0.024,0.024,0.024,0.024,"RECTELLIPSE"
"BPM.7L7.B2",19725.7314,0,0.024,0.024,0.024,0.024,"RECTELLIPSE"
"BPM.7L7.B.B2",19725.8558,0,0.024,0.024,0.024,0.024,"RECTELLIPSE"
"BPMR.6L7.A.B2",19760.2144,0,0.024,0.024,0.024,0.024,"RECTELLIPSE"
"BPMR.6L7.B2",19760.5494,0,0.024,0.024,0.024,0.024,"RECTELLIPSE"
"BPMR.6L7.B.B2",19760.6738,0,0.024,0.024,0.024,0.024,"RECTELLIPSE"
"BPMWC.6L7.A.B2",19772.5474,0,0.0315,0.0315,0.0315,0.0315,"RECTELLIPSE"
"BPMWC.6L7.B.B2",19772.6054,0,0.03,0.03,0.03,0.03,"RECTELLIPSE"
"BPMWC.6L7.B2",19772.7279,0,0.03,0.03,0.03,0.03,"RECTELLIPSE"
"BPMWC.6L7.C.B2",19772.7744,0,0.03,0.03,0.03,0.03,"RECTELLIPSE"
"BPMWC.6L7.D.B2",19772.8324,0,0.0315,0.0315,0.0315,0.0315,"RECTELLIPSE"
"BPMWE.5L7.A.B2",19849.6014,0,0.0315,0.0315,0.0315,0.0315,"RECTELLIPSE"
"BPMWE.5L7.B.B2",19849.6594,0,0.03,0.03,0.03,0.03,"RECTELLIPSE"
"BPMWE.5L7.B2",19849.7819,0,0.03,0.03,0.03,0.03,"RECTELLIPSE"
"BPMWE.5L7.C.B2",19849.8284,0,0.03,0.03,0.03,0.03,"RECTELLIPSE"
"BPMWE.5L7.D.B2",19849.8864,0,0.026,0.015,0.026,0.015,"RECTELLIPSE"
"BPMW.5L7.A.B2",19872.8064,0,0.026,0.015,0.026,0.015,"RECTELLIPSE"
"BPMW.5L7.B.B2",19872.8644,0,0.03,0.03,0.03,0.03,"RECTELLIPSE"
"BPMW.5L7.B2",19872.9869,0,0.03,0.03,0.03,0.03,"RECTELLIPSE"
"BPMW.5L7.C.B2",19873.0334,0,0.03,0.03,0.03,0.03,"RECTELLIPSE"
"BPMW.5L7.D.B2",19873.0914,0,0.0295,0.022,0.0295,0.022,"RECTELLIPSE"
"BPMWE.4L7.A.B2",19907.8914,0,0.0315,0.0315,0.0315,0.0315,"RECTELLIPSE"
"BPMWE.4L7.B.B2",19907.9494,0,0.03,0.03,0.03,0.03,"RECTELLIPSE"
"BPMWE.4L7.B2",19908.0719,0,0.03,0.03,0.03,0.03,"RECTELLIPSE"
"BPMWE.4L7.C.B2",19908.1184,0,0.03,0.03,0.03,0.03,"RECTELLIPSE"
"BPMWE.4L7.D.B2",19908.1764,0,0.015,0.026,0.015,0.026,"RECTELLIPSE"
"BPMW.4L7.A.B2",19935.9964,0,0.015,0.026,0.015,0.026,"RECTELLIPSE"
"BPMW.4L7.B.B2",19936.0544,0,0.03,0.03,0.03,0.03,"RECTELLIPSE"
"BPMW.4L7.B2",19936.1769,0,0.03,0.03,0.03,0.03,"RECTELLIPSE"
"BPMW.4L7.C.B2",19936.2234,0,0.03,0.03,0.03,0.03,"RECTELLIPSE"
"BPMW.4L7.D.B2",19936.2814,0,0.022,0.0295,0.022,0.0295,"RECTELLIPSE"
"BPMW.4R7.A.B2",20052.0434,0,0.0295,0.022,0.0295,0.022,"RECTELLIPSE"
"BPMW.4R7.B.B2",20052.1014,0,0.03,0.03,0.03,0.03,"RECTELLIPSE"
"BPMW.4R7.B2",20052.2239,0,0.03,0.03,0.03,0.03,"RECTELLIPSE"
"BPMW.4R7.C.B2",20052.2704,0,0.03,0.03,0.03,0.03,"RECTELLIPSE"
"BPMW.4R7.D.B2",20052.3284,0,0.026,0.015,0.026,0.015,"RECTELLIPSE"
"BPMWE.4R7.A.B2",20080.1484,0,0.026,0.015,0.026,0.015,"RECTELLIPSE"
"BPMWE.4R7.B.B2",20080.2064,0,0.03,0.03,0.03,0.03,"RECTELLIPSE"
"BPMWE.4R7.B2",20080.3289,0,0.03,0.03,0.03,0.03,"RECTELLIPSE"
"BPMWE.4R7.C.B2",20080.3754,0,0.03,0.03,0.03,0.03,"RECTELLIPSE"
"BPMWE.4R7.D.B2",20080.4334,0,0.0315,0.0315,0.0315,0.0315,"RECTELLIPSE"
"BPMW.5R7.A.B2",20115.2334,0,0.022,0.0295,0.022,0.0295,"RECTELLIPSE"
"BPMW.5R7.B.B2",20115.2914,0,0.03,0.03,0.03,0.03,"RECTELLIPSE"
"BPMW.5R7.B2",20115.4139,0,0.03,0.03,0.03,0.03,"RECTELLIPSE"
"BPMW.5R7.C.B2",20115.4604,0,0.03,0.03,0.03,0.03,"RECTELLIPSE"
"BPMW.5R7.D.B2",20115.5184,0,0.015,0.026,0.015,0.026,"RECTELLIPSE"
"BPMWE.5R7.A.B2",20138.4384,0,0.015,0.026,0.015,0.026,"RECTELLIPSE"
"BPMWE.5R7.B.B2",20138.4964,0,0.03,0.03,0.03,0.03,"RECTELLIPSE"
"BPMWE.5R7.B2",20138.6189,0,0.03,0.03,0.03,0.03,"RECTELLIPSE"
"BPMWE.5R7.C.B2",20138.6654,0,0.03,0.03,0.03,0.03,"RECTELLIPSE"
"BPMWE.5R7.D.B2",20138.7234,0,0.0315,0.0315,0.0315,0.0315,"RECTELLIPSE"
"BPM.6R7.A.B2",20217.4234,0,0.024,0.024,0.024,0.024,"RECTELLIPSE"
"BPM.6R7.B2",20217.7584,0,0.024,0.024,0.024,0.024,"RECTELLIPSE"
"BPM.6R7.B.B2",20217.8828,0,0.024,0.024,0.024,0.024,"RECTELLIPSE"
"BTVSI.7R7.A.B2",20229.7564,0,0.04,0.04,0.04,0.04,"RECTELLIPSE"
"BTVSI.A7R7.B2",20230.2564,0.5,0.04,0.04,0.04,0.04,"RECTELLIPSE"
"BTVSI.7R7.B.B2",20230.2564,0,0.04,0.04,0.04,0.04,"RECTELLIPSE"
"BPM_A.7R7.A.B2",20255.4594,0,0.024,0.024,0.024,0.024,"RECTELLIPSE"
"BPM_A.7R7.B2",20255.7944,0,0.024,0.024,0.024,0.024,"RECTELLIPSE"
"BPM_A.7R7.B.B2",20255.9188,0,0.024,0.024,0.024,0.024,"RECTELLIPSE"
"BPM.8R7.B2",20294.85841,0,0.024,0.024,0.024,0.024,"RECTELLIPSE"
"BPM.9R7.B2",20333.92342,0,0.024,0.024,0.024,0.024,"RECTELLIPSE"
"BPM.10R7.B2",20374.38643,0,0.024,0.024,0.024,0.024,"RECTELLIPSE"
"BPM.11R7.B2",20427.16714,0,0.024,0.024,0.024,0.024,"RECTELLIPSE"
"BPM.12R7.B2",20481.89066,0,0.024,0.024,0.024,0.024,"RECTELLIPSE"
"BPM.13R7.B2",20535.33917,0,0.024,0.024,0.024,0.024,"RECTELLIPSE"
"BPM.14R7.B2",20588.78769,0,0.024,0.024,0.024,0.024,"RECTELLIPSE"
"BPM.15R7.B2",20642.23621,0,0.024,0.024,0.024,0.024,"RECTELLIPSE"
"BPM.16R7.B2",20695.68472,0,0.024,0.024,0.024,0.024,"RECTELLIPSE"
"BPM.17R7.B2",20749.13324,0,0.024,0.024,0.024,0.024,"RECTELLIPSE"
"BPM.18R7.B2",20802.58175,0,0.024,0.024,0.024,0.024,"RECTELLIPSE"
"BPM.19R7.B2",20856.03027,0,0.024,0.024,0.024,0.024,"RECTELLIPSE"
"BPM.20R7.B2",20909.47879,0,0.024,0.024,0.024,0.024,"RECTELLIPSE"
"BPM.21R7.B2",20962.9273,0,0.024,0.024,0.024,0.024,"RECTELLIPSE"
"BPM.22R7.B2",21016.37582,0,0.024,0.024,0.024,0.024,"RECTELLIPSE"
"BPM.23R7.B2",21069.82433,0,0.024,0.024,0.024,0.024,"RECTELLIPSE"
"BPM.24R7.B2",21123.27285,0,0.024,0.024,0.024,0.024,"RECTELLIPSE"
"BPM.25R7.B2",21176.72137,0,0.024,0.024,0.024,0.024,"RECTELLIPSE"
"BPM.26R7.B2",21230.16988,0,0.024,0.024,0.024,0.024,"RECTELLIPSE"
"BPM.27R7.B2",21283.6184,0,0.024,0.024,0.024,0.024,"RECTELLIPSE"
"BPM.28R7.B2",21337.06691,0,0.024,0.024,0.024,0.024,"RECTELLIPSE"
"BPM.29R7.B2",21390.51543,0,0.024,0.024,0.024,0.024,"RECTELLIPSE"
"BPM.30R7.B2",21443.96394,0,0.024,0.024,0.024,0.024,"RECTELLIPSE"
"BPM.31R7.B2",21497.41246,0,0.024,0.024,0.024,0.024,"RECTELLIPSE"
"BPM.32R7.B2",21550.86098,0,0.024,0.024,0.024,0.024,"RECTELLIPSE"
"BPM.33R7.B2",21604.30949,0,0.024,0.024,0.024,0.024,"RECTELLIPSE"
"BPM.34R7.B2",21657.75801,0,0.024,0.024,0.024,0.024,"RECTELLIPSE"
"BPM.33L8.B2",21711.20652,0,0.024,0.024,0.024,0.024,"RECTELLIPSE"
"BPM.32L8.B2",21764.65504,0,0.024,0.024,0.024,0.024,"RECTELLIPSE"
"BPM.31L8.B2",21818.10356,0,0.024,0.024,0.024,0.024,"RECTELLIPSE"
"BPM.30L8.B2",21871.55207,0,0.024,0.024,0.024,0.024,"RECTELLIPSE"
"BPM.29L8.B2",21925.00059,0,0.024,0.024,0.024,0.024,"RECTELLIPSE"
"BPM.28L8.B2",21978.4491,0,0.024,0.024,0.024,0.024,"RECTELLIPSE"
"BPM.27L8.B2",22031.89762,0,0.024,0.024,0.024,0.024,"RECTELLIPSE"
"BPM.26L8.B2",22085.34614,0,0.024,0.024,0.024,0.024,"RECTELLIPSE"
"BPM.25L8.B2",22138.79465,0,0.024,0.024,0.024,0.024,"RECTELLIPSE"
"BPM.24L8.B2",22192.24317,0,0.024,0.024,0.024,0.024,"RECTELLIPSE"
"BPM.23L8.B2",22245.69168,0,0.024,0.024,0.024,0.024,"RECTELLIPSE"
"BPM.22L8.B2",22299.1402,0,0.024,0.024,0.024,0.024,"RECTELLIPSE"
"BPM.21L8.B2",22352.58871,0,0.024,0.024,0.024,0.024,"RECTELLIPSE"
"BPM.20L8.B2",22406.03723,0,0.024,0.024,0.024,0.024,"RECTELLIPSE"
"BPM.19L8.B2",22459.48575,0,0.024,0.024,0.024,0.024,"RECTELLIPSE"
"BPM.18L8.B2",22512.93426,0,0.024,0.024,0.024,0.024,"RECTELLIPSE"
"BPM.17L8.B2",22566.38278,0,0.024,0.024,0.024,0.024,"RECTELLIPSE"
"BPM.16L8.B2",22619.83129,0,0.024,0.024,0.024,0.024,"RECTELLIPSE"
"BPM.15L8.B2",22673.27981,0,0.024,0.024,0.024,0.024,"RECTELLIPSE"
"BPM.14L8.B2",22726.72833,0,0.024,0.024,0.024,0.024,"RECTELLIPSE"
"BPM.13L8.B2",22780.17684,0,0.024,0.024,0.024,0.024,"RECTELLIPSE"
"BPM.12L8.B2",22833.62536,0,0.024,0.024,0.024,0.024,"RECTELLIPSE"
"BPM.11L8.B2",22887.07387,0,0.024,0.024,0.024,0.024,"RECTELLIPSE"
"BPM.10L8.B2",22938.91258,0,0.024,0.024,0.024,0.024,"RECTELLIPSE"
"BPM.9L8.B2",22977.9776,0,0.024,0.024,0.024,0.024,"RECTELLIPSE"
"BPM.8L8.B2",23018.44061,0,0.024,0.024,0.024,0.024,"RECTELLIPSE"
"BPM.7L8.A.B2",23057.17162,0,0.024,0.024,0.024,0.024,"RECTELLIPSE"
"BPM.7L8.B2",23057.50662,0,0.024,0.024,0.024,0.024,"RECTELLIPSE"
"BPM.7L8.B.B2",23057.63102,0,0.024,0.024,0.024,0.024,"RECTELLIPSE"
"BPM.6L8.A.B2",23089.85122,0,0.024,0.024,0.024,0.024,"RECTELLIPSE"
"BPM.6L8.B2",23089.97562,0,0.024,0.024,0.024,0.024,"RECTELLIPSE"
"BPM.6L8.B.B2",23090.31062,0,0.024,0.024,0.024,0.024,"RECTELLIPSE"
"BPMR.5L8.A.B2",23150.27022,0,0.024,0.024,0.024,0.024,"RECTELLIPSE"
"BPMR.5L8.B2",23150.39462,0,0.024,0.024,0.024,0.024,"RECTELLIPSE"
"BPMR.5L8.B.B2",23150.72962,0,0.024,0.024,0.024,0.024,"RECTELLIPSE"
"BPMYB.4L8.A.B2",23171.03862,0,0.03,0.03,0.03,0.03,"RECTELLIPSE"
"BPMYB.4L8.B2",23171.16162,0,0.03,0.03,0.03,0.03,"RECTELLIPSE"
"BPMYB.4L8.B.B2",23171.20662,0,0.03,0.03,0.03,0.03,"RECTELLIPSE"
"BPMWB.4L8.A.B2",23195.44862,0,0.0315,0.0315,0.0315,0.0315,"RECTELLIPSE"
"BPMWB.4L8.B.B2",23195.50662,0,0.03,0.03,0.03,0.03,"RECTELLIPSE"
"BPMWB.4L8.B2",23195.62912,0,0.03,0.03,0.03,0.03,"RECTELLIPSE"
"BPMWB.4L8.C.B2",23195.67562,0,0.03,0.03,0.03,0.03,"RECTELLIPSE"
"BPMWB.4L8.D.B2",23195.73362,0,0.0315,0.0315,0.0315,0.0315,"RECTELLIPSE"
"BRANB.4L8",23201.11862,0,9.999999,9.999999,9.999999,9.999999,"RECTELLIPSE"
"BPMSX.4L8.A.B2",23245.64362,0,0.04,0.04,0.04,0.04,"RECTELLIPSE"
"BPMSX.4L8.B2",23245.78612,0,0.04,0.04,0.04,0.04,"RECTELLIPSE"
"BPMSX.4L8.B.B2",23245.92862,0,0.04,0.04,0.04,0.04,"RECTELLIPSE"
"BPMS.2L8.A.B2",23283.60772,0,0.0301,0.0301,0.0301,0.0301,"RECTELLIPSE"
"BPMS.2L8.B2",23283.69762,0,0.0301,0.0301,0.0301,0.0301,"RECTELLIPSE"
"BPMS.2L8.B.B2",23283.83072,0,0.0301,0.0301,0.0301,0.0301,"RECTELLIPSE"
"BPMSW.1L8.A.B2",23293.48662,0,0.0315,0.0315,0.0315,0.0315,"RECTELLIPSE"
"BPMSW.1L8.B.B2",23293.49812,0,0.03,0.03,0.03,0.03,"RECTELLIPSE"
"BPMSW.1L8.B2",23293.63162,0,0.03,0.03,0.03,0.03,"RECTELLIPSE"
"BPMSW.1L8.C.B2",23293.76512,0,0.03,0.03,0.03,0.03,"RECTELLIPSE"
"BPMSW.1L8.D.B2",23293.77162,0,0.0315,0.0315,0.0315,0.0315,"RECTELLIPSE"
"BPMSW.1R8.A.B2",23336.68162,0,0.0315,0.0315,0.0315,0.0315,"RECTELLIPSE"
"BPMSW.1R8.B.B2",23336.68812,0,0.03,0.03,0.03,0.03,"RECTELLIPSE"
"BPMSW.1R8.B2",23336.82162,0,0.03,0.03,0.03,0.03,"RECTELLIPSE"
"BPMSW.1R8.C.B2",23336.95512,0,0.03,0.03,0.03,0.03,"RECTELLIPSE"
"BPMSW.1R8.D.B2",23336.96662,0,0.0315,0.0315,0.0315,0.0315,"RECTELLIPSE"
"BPMS.2R8.A.B2",23346.62252,0,0.0301,0.0301,0.0301,0.0301,"RECTELLIPSE"
"BPMS.2R8.B2",23346.75562,0,0.0301,0.0301,0.0301,0.0301,"RECTELLIPSE"
"BPMS.2R8.B.B2",23346.84552,0,0.0301,0.0301,0.0301,0.0301,"RECTELLIPSE"
"BPMSX.4R8.A.B2",23384.52462,0,0.04,0.04,0.04,0.04,"RECTELLIPSE"
"BPMSX.4R8.B2",23384.66712,0,0.04,0.04,0.04,0.04,"RECTELLIPSE"
"BPMSX.4R8.B.B2",23384.80962,0,0.04,0.04,0.04,0.04,"RECTELLIPSE"
"BTVST.4R8.A.B2",23400.35962,0,0.106,0.106,0.106,0.106,"RECTELLIPSE"
"BTVST.4R8.B.B2",23400.38462,0,0.106,0.106,0.106,0.106,"RECTELLIPSE"
"BTVST.4R8.C.B2",23400.56462,0,0.106,0.062,0.106,0.106,"RECTELLIPSE"
"BTVST.A4R8",23400.66762,0,0.106,0.106,0.106,0.106,"RECTELLIPSE"
"BTVST.4R8.D.B2",23400.75462,0,0.106,0.062,0.106,0.106,"RECTELLIPSE"
"BTVST.4R8.E.B2",23400.93462,0,0.106,0.106,0.106,0.106,"RECTELLIPSE"
"BTVST.4R8.F.B2",23400.95962,0,0.106,0.106,0.106,0.106,"RECTELLIPSE"
"BRANB.4R8",23429.33462,0,9.999999,9.999999,9.999999,9.999999,"RECTELLIPSE"
"BPMWI.4R8.A.B2",23434.71962,0,0.04,0.04,0.04,0.04,"RECTELLIPSE"
"BPMWI.4R8.B2",23434.90012,0,0.03,0.03,0.03,0.03,"RECTELLIPSE"
"BPMWI.4R8.B.B2",23435.00462,0,0.04,0.04,0.04,0.04,"RECTELLIPSE"
"BPMYB.4R8.A.B2",23459.24662,0,0.03,0.03,0.03,0.03,"RECTELLIPSE"
"BPMYB.4R8.B2",23459.29162,0,0.03,0.03,0.03,0.03,"RECTELLIPSE"
"BPMYB.4R8.B.B2",23459.41462,0,0.03,0.03,0.03,0.03,"RECTELLIPSE"
"BTVSI.5R8.A.B2",23460.40762,0,0.04,0.04,0.04,0.04,"RECTELLIPSE"
"BTVSI.A5R8.B2",23460.65762,0,0.04,0.04,0.04,0.04,"RECTELLIPSE"
"BTVSI.5R8.B.B2",23460.90762,0,0.04,0.04,0.04,0.04,"RECTELLIPSE"
"BPTX.5R8.A.B2",23461.20762,0,0.0315,0.0315,0.0315,0.0315,"RECTELLIPSE"
"BPTX.5R8.B2",23461.38812,0,0.0315,0.0315,0.0315,0.0315,"RECTELLIPSE"
"BPTX.5R8.B.B2",23461.49262,0,0.0315,0.0315,0.0315,0.0315,"RECTELLIPSE"
"BTVSI.5R8.C.B2",23478.25262,0,0.04,0.04,0.04,0.04,"RECTELLIPSE"
"BTVSI.C5R8.B2",23478.50262,0,0.04,0.04,0.04,0.04,"RECTELLIPSE"
"BTVSI.5R8.D.B2",23478.75262,0,0.04,0.04,0.04,0.04,"RECTELLIPSE"
"BPMYB.5R8.A.B2",23479.74562,0,0.03,0.03,0.03,0.03,"RECTELLIPSE"
"BPMYB.5R8.B2",23479.86862,0,0.03,0.03,0.03,0.03,"RECTELLIPSE"
"BPMYB.5R8.B.B2",23479.91362,0,0.03,0.03,0.03,0.03,"RECTELLIPSE"
"BTVSS.6R8.A.B2",23507.02462,0,0.05,0.05,0.05,0.05,"RECTELLIPSE"
"BTVSS.6R8.B.B2",23507.15062,0,0.05,0.05,0.05,0.05,"RECTELLIPSE"
"BTVSS.6R8.C.B2",23507.25062,0,0.033,0.05,0.033,0.05,"RECTELLIPSE"
"BTVSS.6R8.B2",23507.39962,0,0,0.017,0.033,0,"RACETRACK"
"BTVSS.6R8.D.B2",23507.77462,0,0.033,0.05,0.033,0.05,"RECTELLIPSE"
"BPMR.6R8.A.B2",23563.85222,0,0.024,0.024,0.024,0.024,"RECTELLIPSE"
"BPMR.6R8.B2",23563.97662,0,0.024,0.024,0.024,0.024,"RECTELLIPSE"
"BPMR.6R8.B.B2",23564.31162,0,0.024,0.024,0.024,0.024,"RECTELLIPSE"
"BPM_A.7R8.A.B2",23585.88162,0,0.024,0.024,0.024,0.024,"RECTELLIPSE"
"BPM_A.7R8.B2",23586.21662,0,0.024,0.024,0.024,0.024,"RECTELLIPSE"
"BPM_A.7R8.B.B2",23586.34102,0,0.024,0.024,0.024,0.024,"RECTELLIPSE"
"BPM.8R8.B2",23627.65561,0,0.024,0.024,0.024,0.024,"RECTELLIPSE"
"BPM.9R8.B2",23666.7226,0,0.024,0.024,0.024,0.024,"RECTELLIPSE"
"BPM.10R8.B2",23707.18758,0,0.024,0.024,0.024,0.024,"RECTELLIPSE"
"BPM.11R8.B2",23759.02827,0,0.024,0.024,0.024,0.024,"RECTELLIPSE"
"BPM.12R8.B2",23813.75476,0,0.024,0.024,0.024,0.024,"RECTELLIPSE"
"BPM.13R8.B2",23867.20624,0,0.024,0.024,0.024,0.024,"RECTELLIPSE"
"BPM.14R8.B2",23920.65773,0,0.024,0.024,0.024,0.024,"RECTELLIPSE"
"BPM.15R8.B2",23974.10921,0,0.024,0.024,0.024,0.024,"RECTELLIPSE"
"BPM.16R8.B2",24027.56069,0,0.024,0.024,0.024,0.024,"RECTELLIPSE"
"BPM.17R8.B2",24081.01218,0,0.024,0.024,0.024,0.024,"RECTELLIPSE"
"BPM.18R8.B2",24134.46366,0,0.024,0.024,0.024,0.024,"RECTELLIPSE"
"BPM.19R8.B2",24187.91515,0,0.024,0.024,0.024,0.024,"RECTELLIPSE"
"BPM.20R8.B2",24241.36663,0,0.024,0.024,0.024,0.024,"RECTELLIPSE"
"BPM.21R8.B2",24294.81811,0,0.024,0.024,0.024,0.024,"RECTELLIPSE"
"BPM.22R8.B2",24348.2696,0,0.024,0.024,0.024,0.024,"RECTELLIPSE"
"BPM.23R8.B2",24401.72108,0,0.024,0.024,0.024,0.024,"RECTELLIPSE"
"BPM.24R8.B2",24455.17257,0,0.024,0.024,0.024,0.024,"RECTELLIPSE"
"BPM.25R8.B2",24508.62405,0,0.024,0.024,0.024,0.024,"RECTELLIPSE"
"BPM.26R8.B2",24562.07554,0,0.024,0.024,0.024,0.024,"RECTELLIPSE"
"BPM.27R8.B2",24615.52702,0,0.024,0.024,0.024,0.024,"RECTELLIPSE"
"BPM.28R8.B2",24668.9785,0,0.024,0.024,0.024,0.024,"RECTELLIPSE"
"BPM.29R8.B2",24722.42999,0,0.024,0.024,0.024,0.024,"RECTELLIPSE"
"BPM.30R8.B2",24775.88147,0,0.024,0.024,0.024,0.024,"RECTELLIPSE"
"BPM.31R8.B2",24829.33296,0,0.024,0.024,0.024,0.024,"RECTELLIPSE"
"BPM.32R8.B2",24882.78444,0,0.024,0.024,0.024,0.024,"RECTELLIPSE"
"BPM.33R8.B2",24936.23592,0,0.024,0.024,0.024,0.024,"RECTELLIPSE"
"BPM.34R8.B2",24989.68741,0,0.024,0.024,0.024,0.024,"RECTELLIPSE"
"BPM.33L1.B2",25043.13889,0,0.024,0.024,0.024,0.024,"RECTELLIPSE"
"BPM.32L1.B2",25096.59038,0,0.024,0.024,0.024,0.024,"RECTELLIPSE"
"BPM.31L1.B2",25150.04186,0,0.024,0.024,0.024,0.024,"RECTELLIPSE"
"BPM.30L1.B2",25203.49334,0,0.024,0.024,0.024,0.024,"RECTELLIPSE"
"BPM.29L1.B2",25256.94483,0,0.024,0.024,0.024,0.024,"RECTELLIPSE"
"BPM.28L1.B2",25310.39631,0,0.024,0.024,0.024,0.024,"RECTELLIPSE"
"BPM.27L1.B2",25363.8478,0,0.024,0.024,0.024,0.024,"RECTELLIPSE"
"BPM.26L1.B2",25417.29928,0,0.024,0.024,0.024,0.024,"RECTELLIPSE"
"BPM.25L1.B2",25470.75077,0,0.024,0.024,0.024,0.024,"RECTELLIPSE"
"BPM.24L1.B2",25524.20225,0,0.024,0.024,0.024,0.024,"RECTELLIPSE"
"BPM.23L1.B2",25577.65373,0,0.024,0.024,0.024,0.024,"RECTELLIPSE"
"BPM.22L1.B2",25631.10522,0,0.024,0.024,0.024,0.024,"RECTELLIPSE"
"BPM.21L1.B2",25684.5567,0,0.024,0.024,0.024,0.024,"RECTELLIPSE"
"BPM.20L1.B2",25738.00819,0,0.024,0.024,0.024,0.024,"RECTELLIPSE"
"BPM.19L1.B2",25791.45967,0,0.024,0.024,0.024,0.024,"RECTELLIPSE"
"BPM.18L1.B2",25844.91115,0,0.024,0.024,0.024,0.024,"RECTELLIPSE"
"BPM.17L1.B2",25898.36264,0,0.024,0.024,0.024,0.024,"RECTELLIPSE"
"BPM.16L1.B2",25951.81412,0,0.024,0.024,0.024,0.024,"RECTELLIPSE"
"BPM.15L1.B2",26005.26561,0,0.024,0.024,0.024,0.024,"RECTELLIPSE"
"BPM.14L1.B2",26058.71709,0,0.024,0.024,0.024,0.024,"RECTELLIPSE"
"BPM.13L1.B2",26112.16857,0,0.024,0.024,0.024,0.024,"RECTELLIPSE"
"BPM.12L1.B2",26165.62006,0,0.024,0.024,0.024,0.024,"RECTELLIPSE"
"BPM.11L1.B2",26219.07154,0,0.024,0.024,0.024,0.024,"RECTELLIPSE"
"BPM.10L1.B2",26271.85423,0,0.024,0.024,0.024,0.024,"RECTELLIPSE"
"BPM.9L1.B2",26310.92122,0,0.024,0.024,0.024,0.024,"RECTELLIPSE"
"BPM.8L1.B2",26351.38621,0,0.024,0.024,0.024,0.024,"RECTELLIPSE"
"BPM.7L1.A.B2",26390.1192,0,0.024,0.024,0.024,0.024,"RECTELLIPSE"
"BPM.7L1.B2",26390.4542,0,0.024,0.024,0.024,0.024,"RECTELLIPSE"
"BPM.7L1.B.B2",26390.5786,0,0.024,0.024,0.024,0.024,"RECTELLIPSE"
"BPMR.6L1.A.B2",26433.5138,0,0.024,0.024,0.024,0.024,"RECTELLIPSE"
"BPMR.6L1.B2",26433.6382,0,0.024,0.024,0.024,0.024,"RECTELLIPSE"
"BPMR.6L1.B.B2",26433.9732,0,0.024,0.024,0.024,0.024,"RECTELLIPSE"
"BPM.5L1.A.B2",26465.4138,0,0.024,0.024,0.024,0.024,"RECTELLIPSE"
"BPM.5L1.B2",26465.5382,0,0.024,0.024,0.024,0.024,"RECTELLIPSE"
"BPM.5L1.B.B2",26465.8732,0,0.024,0.024,0.024,0.024,"RECTELLIPSE"
"BPMYA.4L1.A.B2",26486.5332,0,0.03,0.03,0.03,0.03,"RECTELLIPSE"
"BPMYA.4L1.B2",26486.6562,0,0.03,0.03,0.03,0.03,"RECTELLIPSE"
"BPMYA.4L1.B.B2",26486.7012,0,0.03,0.03,0.03,0.03,"RECTELLIPSE"
"BPMWB.4L1.A.B2",26507.6082,0,0.0315,0.0315,0.0315,0.0315,"RECTELLIPSE"
"BPMWB.4L1.B.B2",26507.6662,0,0.03,0.03,0.03,0.03,"RECTELLIPSE"
"BPMWB.4L1.B2",26507.7127,0,0.03,0.03,0.03,0.03,"RECTELLIPSE"
"BPMWB.4L1.C.B2",26507.8352,0,0.03,0.03,0.03,0.03,"RECTELLIPSE"
"BPMWB.4L1.D.B2",26507.8932,0,0.0315,0.0315,0.0315,0.0315,"RECTELLIPSE"
"BRANA.4L1",26517.5332,0,9.999999,9.999999,9.999999,9.999999,"RECTELLIPSE"
"BPMSY.4L1.A.B2",26600.4262,0,0.04,0.04,0.04,0.04,"RECTELLIPSE"
"BPMSY.4L1.B2",26600.5687,0,0.04,0.04,0.04,0.04,"RECTELLIPSE"
"BPMSY.4L1.B.B2",26600.7112,0,0.04,0.04,0.04,0.04,"RECTELLIPSE"
"BPMS.2L1.A.B2",26627.2643,0,0.0301,0.0301,0.0301,0.0301,"RECTELLIPSE"
"BPMS.2L1.B2",26627.3542,0,0.0301,0.0301,0.0301,0.0301,"RECTELLIPSE"
"BPMS.2L1.B.B2",26627.4873,0,0.0301,0.0301,0.0301,0.0301,"RECTELLIPSE"
"BPMSW.1L1.A.B2",26637.2682,0,0.0315,0.0315,0.0315,0.0315,"RECTELLIPSE"
"BPMSW.1L1.B.B2",26637.2747,0,0.03,0.03,0.03,0.03,"RECTELLIPSE"
"BPMSW.1L1.B2",26637.4082,0,0.03,0.03,0.03,0.03,"RECTELLIPSE"
"BPMSW.1L1.C.B2",26637.5417,0,0.03,0.03,0.03,0.03,"RECTELLIPSE"
"BPMSW.1L1.D.B2",26637.5532,0,0.0315,0.0315,0.0315,0.0315,"RECTELLIPSE"
